ContaCurto;ContaNome;ContaCompleto;Data;Historico;ContraPartida;Documento;Lote;Debito;Credito;SaldoAnterior;Saldo
00090;"Caixa Síndico";111020002;16/06/2025;"VR. DEB. C/C REF.DESPESAS COM COMBUSTIVEL";00113;"";129;70,00;0,00;0,00;-70,00;
00090;"Caixa Síndico";111020002;05/07/2025;"VR. DEB. C/C REF.ABASTECIMENTO";00201;"";130;0,00;70,00;0,00;0,00;
00113;"Caixa Econômica Federal ";111020004;02/01/2025;"VR.DEB.C/C PRO-LABORE SINDICO";477;"";124;0,00;2000,00;-15825,16;-13825,16;
00113;"Caixa Econômica Federal ";111020004;06/01/2025;"VR. DEB. C/C REF. MULTICAZ COMERCIO VAREJISTA LTDA NF 34.229 / IBITEXENXOVAIS LTDA NF 417.672";00181;"";124;0,00;190,87;-15825,16;-13634,29;
00113;"Caixa Econômica Federal ";111020004;06/01/2025;"VR. DEB. C/C REF.JOSE MARINHO DA PAZ NF 42";523;"";124;0,00;438,00;-15825,16;-13196,29;
00113;"Caixa Econômica Federal ";111020004;06/01/2025;"VR.DEB.C/C VT";00230;"";124;0,00;1468,80;-15825,16;-11727,49;
00113;"Caixa Econômica Federal ";111020004;06/01/2025;"VR.DEB.C/C REF.PAGTO.SALARIOS N/MES";00107;"";124;0,00;13208,75;-15825,16;1481,26;
00113;"Caixa Econômica Federal ";111020004;07/01/2025;"VR. DEB. C/C REF.GARRA DISTRIBUIDORA NF 5324";00189;"";124;0,00;59,43;-15825,16;1540,69;
00113;"Caixa Econômica Federal ";111020004;07/01/2025;"VR. DEB. C/C REF. CARVALHO ENGENHARIA LTDA";00201;"";124;0,00;120,00;-15825,16;1660,69;
00113;"Caixa Econômica Federal ";111020004;07/01/2025;"VR.DEB.C/C.REF.PAGTO SUPERMERCADO APOIO MINEIRO";00189;"";124;0,00;144,04;-15825,16;1804,73;
00113;"Caixa Econômica Federal ";111020004;07/01/2025;"VR.DEB.C/C CIA BRASILEIRA SOLUCOES E SERVICOS REF.CARTAO ALIMENTACAO";00021;"";124;0,00;1853,76;-15825,16;3658,49;
00113;"Caixa Econômica Federal ";111020004;07/01/2025;"VR.DEB.C/C HONORARIOS CONTABEIS N/MES";00188;"";124;0,00;2596,00;-15825,16;6254,49;
00113;"Caixa Econômica Federal ";111020004;08/01/2025;"VR. DEB. C/C REF.MOBILIADORA JOSE MARINHO DA PAZ - CIPO MOVEIS";00048;"";124;0,00;40,00;-15825,16;6294,49;
00113;"Caixa Econômica Federal ";111020004;08/01/2025;"VR. DEB. C/C REF. PETRO SERRA AUTO POSTO LTDA";00201;"";124;0,00;82,88;-15825,16;6377,37;
00113;"Caixa Econômica Federal ";111020004;08/01/2025;"VR.DEB.C/C FGTS MES 13/2024";00114;"";124;0,00;543,54;-15825,16;6920,91;
00113;"Caixa Econômica Federal ";111020004;08/01/2025;"VR.DEB.C/C REF.FERIAS DE WESLEY ADRIANO";00033;"";124;0,00;2483,84;-15825,16;9404,75;
00113;"Caixa Econômica Federal ";111020004;09/01/2025;"VR. DEB. C/C REF. REEMBOLSO UBER ENTREGADA DOCUMENTOS";00208;"";124;0,00;53,49;-15825,16;9458,24;
00113;"Caixa Econômica Federal ";111020004;09/01/2025;"VR. DEB. C/C REF.CORREIO";00182;"";124;0,00;73,20;-15825,16;9531,44;
00113;"Caixa Econômica Federal ";111020004;09/01/2025;"VR.DEB.C/C RECEITA ACORDO CF.PLANILHA";00019;"";124;0,00;336,86;-15825,16;9868,30;
00113;"Caixa Econômica Federal ";111020004;10/01/2025;"VR.DEB.C/C.REF.PAGTO SINDEAC PQM";115;"";124;0,00;84,00;-15825,16;9952,30;
00113;"Caixa Econômica Federal ";111020004;10/01/2025;"VR. DEB. C/C REF. SANTO POSTO LAGOA SANTA - COMERCIO DE COMBUSTIVEIS LTDA";00201;"";124;0,00;100,00;-15825,16;10052,30;
00113;"Caixa Econômica Federal ";111020004;10/01/2025;"VR. DEB. C/C REF. ALVARA DE FUNCIONAMENTO E LOCALIDADE";243;"";124;0,00;436,80;-15825,16;10489,10;
00113;"Caixa Econômica Federal ";111020004;10/01/2025;"VR.DEB.C/C.REF.PAGTO. SINDEAC PAF";00035;"";124;0,00;690,20;-15825,16;11179,30;
00113;"Caixa Econômica Federal ";111020004;13/01/2025;"VR. DEB. C/C REF.FRETE MINAS TEXTURAS LEONARDO RANGEL AMARAL GONCALVES LTDA NF 310";00048;"";124;0,00;20,00;-15825,16;11199,30;
00113;"Caixa Econômica Federal ";111020004;13/01/2025;"VR. DEB. C/C REF. JOAO CARLOS MARIA - ME NF: 584";00031;"";124;0,00;176,00;-15825,16;11375,30;
00113;"Caixa Econômica Federal ";111020004;13/01/2025;"VR. DEB. C/C REF. MINAS TEXTURAS / LEONARDO RANGEL AMARAL GONCALVES LTDA NF 310";00181;"";124;0,00;824,90;-15825,16;12200,20;
00113;"Caixa Econômica Federal ";111020004;14/01/2025;"VR.DEB.C/C FGTS MES";00114;"";124;0,00;1221,94;-15825,16;13422,14;
00113;"Caixa Econômica Federal ";111020004;15/01/2025;"VR.DEB.C/C.REF. SISTEMA PONTO TANGERINO";439;"";124;0,00;71,92;-15825,16;13494,06;
00113;"Caixa Econômica Federal ";111020004;15/01/2025;"VR. DEB. C/C REF.FRANCISCO GOMES";00048;"";124;0,00;300,00;-15825,16;13794,06;
00113;"Caixa Econômica Federal ";111020004;16/01/2025;"VR. DEB. C/C REF. REPARO DANO ESTRUTURAL MURO - WEVERTON COSME 1/2";00181;"";124;0,00;900,00;-15825,16;14694,06;
00113;"Caixa Econômica Federal ";111020004;17/01/2025;"VR.DEB.C/C CTA CEMIG N/MES";00206;"";124;0,00;166,34;-15825,16;14860,40;
00113;"Caixa Econômica Federal ";111020004;17/01/2025;"VR.DEB.C/C CTA CEMIG N/MES";00206;"";124;0,00;452,50;-15825,16;15312,90;
00113;"Caixa Econômica Federal ";111020004;17/01/2025;"VR. DEB. C/C REF. MINAS TEXTUAS LEONARDO RANGEL AMARAL GONCALVES LTDA NF 321";00181;"";124;0,00;472,45;-15825,16;15785,35;
00113;"Caixa Econômica Federal ";111020004;17/01/2025;"VR.DEB.C/C CTA CEMIG N/MES";00206;"";124;0,00;2600,22;-15825,16;18385,57;
00113;"Caixa Econômica Federal ";111020004;20/01/2025;"VR.DESC.IRRF S/SALARIOS N/MES.";00023;"";124;0,00;20,75;-15825,16;18406,32;
00113;"Caixa Econômica Federal ";111020004;20/01/2025;"VR.DEB.C/C PIS S/FOLHA PAGATO.";00018;"";124;0,00;152,75;-15825,16;18559,07;
00113;"Caixa Econômica Federal ";111020004;20/01/2025;"VR. DEB. C/C REF. FABIANA B. CARNEIRO - CARRETO SANTA CRUZ";00048;"";124;0,00;200,00;-15825,16;18759,07;
00113;"Caixa Econômica Federal ";111020004;20/01/2025;"VR. DEB. C/C REF. ERICK MATHEUS";00190;"";124;0,00;219,01;-15825,16;18978,08;
00113;"Caixa Econômica Federal ";111020004;20/01/2025;"VR.DEB.C/C REF.PAGATO.INSS";00112;"";124;0,00;5175,71;-15825,16;24153,79;
00113;"Caixa Econômica Federal ";111020004;21/01/2025;"VR. DEB. C/C REF. REPARO DANO ESTRUTURAL MURO - WEVERTON COSME 2/2";00181;"";124;0,00;900,00;-15825,16;25053,79;
00113;"Caixa Econômica Federal ";111020004;22/01/2025;"VR. DEB. C/C REF.FRETE MERCADO LIVRE";00048;"";124;0,00;14,90;-15825,16;25068,69;
00113;"Caixa Econômica Federal ";111020004;22/01/2025;"VR. DEB. C/C REF. MFL ACESSORIOS LTDA NF 2.798.198";00066;"";124;0,00;25,80;-15825,16;25094,49;
00113;"Caixa Econômica Federal ";111020004;24/01/2025;"VR. DEB. C/C REF. TOKIO MARINE SEGURADORA S A";00008;"";124;0,00;529,67;-15825,16;25624,16;
00113;"Caixa Econômica Federal ";111020004;27/01/2025;"VR.DEB.C/C TELEFONE VIVO";00209;"";124;0,00;90,62;-15825,16;25714,78;
00113;"Caixa Econômica Federal ";111020004;27/01/2025;"VR.DEB.C/C MASTER CONSULTORIOS E CONSULTORIA MED";00122;"";124;0,00;120,00;-15825,16;25834,78;
00113;"Caixa Econômica Federal ";111020004;27/01/2025;"VR. DEB. C/C REF. PAGTO GROUP COM";00187;"";124;0,00;340,85;-15825,16;26175,63;
00113;"Caixa Econômica Federal ";111020004;27/01/2025;"VR. DEB. C/C REF. AXF MATERIAIS DE CONSTRUÇÃO LTDA NF 1.220";00186;"";124;0,00;357,50;-15825,16;26533,13;
00113;"Caixa Econômica Federal ";111020004;29/01/2025;"VR. DEB. C/C REF.GMC COMPONENTES ELETRICOS E NF 510.980";00066;"";124;0,00;128,97;-15825,16;26662,10;
00113;"Caixa Econômica Federal ";111020004;30/01/2025;"VR. DEB. C/C REF. FRETE MERCADO LIVRE";00048;"";124;0,00;17,90;-15825,16;26680,00;
00113;"Caixa Econômica Federal ";111020004;30/01/2025;"VR. DEB. C/C REF. DJ DE OLIVEIRA DISTRIBUIDORA NF 102.257";00189;"";124;0,00;70,44;-15825,16;26750,44;
00113;"Caixa Econômica Federal ";111020004;30/01/2025;"VR. DEB. C/C REF. MEU PRATA SUPERMERCADOS EIRELI";00193;"";124;0,00;177,90;-15825,16;26928,34;
00113;"Caixa Econômica Federal ";111020004;31/01/2025;"VR.CRED.C/C MOV.COBRANÇA CF. EXTRATO";00255;"";124;36080,00;0,00;-15825,16;-9151,66;
00113;"Caixa Econômica Federal ";111020004;31/01/2025;"VR.CRED.C/C RECEITA ACORDO CF.PLANILHA";00019;"";124;5768,57;0,00;-15825,16;-14920,23;
00113;"Caixa Econômica Federal ";111020004;31/01/2025;"VR.CRED.C/C.REF.RESTAGE CDB";348;"";124;1838,52;0,00;-15825,16;-16758,75;
00113;"Caixa Econômica Federal ";111020004;31/01/2025;"VR. CRED. C/C REF. TAXA DE AGUA";00116;"";124;1766,55;0,00;-15825,16;-18525,30;
00113;"Caixa Econômica Federal ";111020004;31/01/2025;"VR.CRED.C/C RECEITA RESERVA ESPAÇO GOURMET";397;"";124;300,00;0,00;-15825,16;-18825,30;
00113;"Caixa Econômica Federal ";111020004;31/01/2025;"VR.CRED.C/C.REF.PAGTO. JUROS E MULTA";264;"";124;97,53;0,00;-15825,16;-18922,83;
00113;"Caixa Econômica Federal ";111020004;31/01/2025;"VR.CRED.C/C RECEITA CONTROLE DE ACESSO";00124;"";124;40,00;0,00;-15825,16;-18962,83;
00113;"Caixa Econômica Federal ";111020004;31/01/2025;"VR.DEB.C/C RECEITA ACORDO CF.PLANILHA";00019;"";124;0,00;576,86;-15825,16;-18385,97;
00113;"Caixa Econômica Federal ";111020004;31/01/2025;"VR.DEB.C/C TARIFAS BANCARIAS CF EXTRATO";00244;"";124;0,00;1046,25;-15825,16;-17339,72;
00113;"Caixa Econômica Federal ";111020004;03/02/2025;"VR. DEB. C/C REF.EMBRASIL COMERCIO E IMPORTAÇÃO LTDA";00189;"";125;0,00;51,60;-15825,16;-17288,12;
00113;"Caixa Econômica Federal ";111020004;03/02/2025;"VR.DEB.C/C REF.FERIAS HUDSON";00033;"";125;0,00;3311,89;-15825,16;-13976,23;
00113;"Caixa Econômica Federal ";111020004;04/02/2025;"VR. DEB. C/C REF.REEMBOLSO TRANSPORTE";00208;"";125;0,00;17,98;-15825,16;-13958,25;
00113;"Caixa Econômica Federal ";111020004;04/02/2025;"VR. DEB. C/C REF. REEMBOLSO TRANSPORTE";00208;"";125;0,00;30,95;-15825,16;-13927,30;
00113;"Caixa Econômica Federal ";111020004;04/02/2025;"VR.DEB.C/C PRO-LABORE SINDICO";477;"";125;0,00;2000,00;-15825,16;-11927,30;
00113;"Caixa Econômica Federal ";111020004;04/02/2025;"VR.DEB.C/C HONORARIOS CONTABEIS N/MES";00188;"";125;0,00;2790,70;-15825,16;-9136,60;
00113;"Caixa Econômica Federal ";111020004;05/02/2025;"VR.CRED.C/C.REF.RESTAGE CDB";348;"";125;2751,68;0,00;-15825,16;-11888,28;
00113;"Caixa Econômica Federal ";111020004;05/02/2025;"VR.DEB.C/C VT";00230;"";125;0,00;1468,80;-15825,16;-10419,48;
00113;"Caixa Econômica Federal ";111020004;05/02/2025;"VR.DEB.C/C CIA BRASILEIRA SOLUCOES E SERVICOS REF.CARTAO ALIMENTACAO";00021;"";125;0,00;1853,76;-15825,16;-8565,72;
00113;"Caixa Econômica Federal ";111020004;05/02/2025;"VR.DEB.C/C REF.PAGTO.SALARIOS N/MES";00107;"";125;0,00;11406,19;-15825,16;2840,47;
00113;"Caixa Econômica Federal ";111020004;06/02/2025;"VR. DEB. C/C REF. GARRA DISTRIBUIDORA";00099;"";125;0,00;11,90;-15825,16;2852,37;
00113;"Caixa Econômica Federal ";111020004;06/02/2025;"VR.DEB.C/C.REF.PAGTO SUPERMERCADO APOIO MINEIRO";00189;"";125;0,00;50,87;-15825,16;2903,24;
00113;"Caixa Econômica Federal ";111020004;06/02/2025;"VR. DEB. C/C REF.GARRA DISTRIBUIDORA";00189;"";125;0,00;83,34;-15825,16;2986,58;
00113;"Caixa Econômica Federal ";111020004;07/02/2025;"VR.CRED.C/C.REF.RESTAGE CDB";348;"";125;180,33;0,00;-15825,16;2806,25;
00113;"Caixa Econômica Federal ";111020004;07/02/2025;"VR. DEB. C/C REF. AXF MATERIAIS DE CONSTRUÇÃO LTDA NF 1240";00144;"";125;0,00;25,00;-15825,16;2831,25;
00113;"Caixa Econômica Federal ";111020004;07/02/2025;"VR. DEB. C/C REF. AXF MATERIAIS DE CONSTRUÇÃO LTDA NF 1240";00189;"";125;0,00;33,90;-15825,16;2865,15;
00113;"Caixa Econômica Federal ";111020004;07/02/2025;"VR. DEB. C/C REF. AXF MATERIAIS DE CONSTRUÇÃO LTDA NF 1240";00048;"";125;0,00;35,00;-15825,16;2900,15;
00113;"Caixa Econômica Federal ";111020004;07/02/2025;"VR. DEB. C/C REF.AXF MATERIAIS DE CONSTRUÇÃO LTDA NF 1240";00121;"";125;0,00;37,50;-15825,16;2937,65;
00113;"Caixa Econômica Federal ";111020004;07/02/2025;"VR. DEB. C/C REF. AXF MATERIAIS DE CONSTRUÇÃO LTDA NF 1240";00066;"";125;0,00;297,60;-15825,16;3235,25;
00113;"Caixa Econômica Federal ";111020004;07/02/2025;"VR. DEB. C/C REF.MEGGA MOTOS OS 11252";00205;"";125;0,00;445,00;-15825,16;3680,25;
00113;"Caixa Econômica Federal ";111020004;07/02/2025;"VR.DEB.C/C FGTS MES";00114;"";125;0,00;1268,22;-15825,16;4948,47;
00113;"Caixa Econômica Federal ";111020004;10/02/2025;"VR.DEB.C/C.REF.PAGTO SINDEAC PQM";115;"";125;0,00;84,00;-15825,16;5032,47;
00113;"Caixa Econômica Federal ";111020004;10/02/2025;"VR. DEB. C/C REF. CARRETO FABRITELHAS";00048;"";125;0,00;180,00;-15825,16;5212,47;
00113;"Caixa Econômica Federal ";111020004;10/02/2025;"VR.DEB.C/C.REF.PAGTO. SINDEAC PAF";00035;"";125;0,00;690,20;-15825,16;5902,67;
00113;"Caixa Econômica Federal ";111020004;10/02/2025;"VR. DEB. C/C REF.FABRITELHAS INDUSTRIA COMERCIO E SERVIÇOS LTDA NF 4815";00138;"";125;0,00;797,24;-15825,16;6699,91;
00113;"Caixa Econômica Federal ";111020004;11/02/2025;"VR. DEB. C/C REF. ABASTECIMENTO MOTO COND. REEMBOLSO WESLLEY";00201;"";125;0,00;80,21;-15825,16;6780,12;
00113;"Caixa Econômica Federal ";111020004;11/02/2025;"VR. DEB. C/C REF. REEMBOLSO TRANSPORTE";00208;"";125;0,00;83,94;-15825,16;6864,06;
00113;"Caixa Econômica Federal ";111020004;11/02/2025;"VR. DEB. C/C REF.WARCIO ELERSON CORREA NF 807";00138;"";125;0,00;1446,00;-15825,16;8310,06;
00113;"Caixa Econômica Federal ";111020004;14/02/2025;"VR. DEB. C/C REF. AXF MATERIAIS DE CONSTRUÇÃO ALMEIDA ACABAMENTOS NF 1248";00181;"";125;0,00;66,00;-15825,16;8376,06;
00113;"Caixa Econômica Federal ";111020004;14/02/2025;"VR. DEB. C/C REF. MEGGA MOTOS OS11367";00205;"";125;0,00;198,00;-15825,16;8574,06;
00113;"Caixa Econômica Federal ";111020004;14/02/2025;"VR. DEB. C/C REF.ALMOCO DCJ";00193;"";125;0,00;259,00;-15825,16;8833,06;
00113;"Caixa Econômica Federal ";111020004;14/02/2025;"VR.DEB.C/C CTA CEMIG N/MES";00206;"";125;0,00;331,25;-15825,16;9164,31;
00113;"Caixa Econômica Federal ";111020004;14/02/2025;"VR.DEB.C/C CTA CEMIG N/MES";00206;"";125;0,00;1615,21;-15825,16;10779,52;
00113;"Caixa Econômica Federal ";111020004;14/02/2025;"VR. DEB. C/C REF. PARCELA OBRA DCJ";00138;"";125;0,00;2500,00;-15825,16;13279,52;
00113;"Caixa Econômica Federal ";111020004;17/02/2025;"VR. DEB. C/C REF.CARRTO AXF NF 1249";00048;"";125;0,00;35,00;-15825,16;13314,52;
00113;"Caixa Econômica Federal ";111020004;17/02/2025;"VR. DEB. C/C REF.CARRETO AXF NF 1255";00048;"";125;0,00;35,00;-15825,16;13349,52;
00113;"Caixa Econômica Federal ";111020004;17/02/2025;"VR.DEB.C/C.REF. SISTEMA PONTO TANGERINO";439;"";125;0,00;71,92;-15825,16;13421,44;
00113;"Caixa Econômica Federal ";111020004;17/02/2025;"VR. DEB. C/C REF.AXF MATERIAIS DE CONSTRUÇÃO LTDA NF 1255";00138;"";125;0,00;374,00;-15825,16;13795,44;
00113;"Caixa Econômica Federal ";111020004;17/02/2025;"VR. DEB. C/C REF. REAL COMERCIO LTDA NF 113308";00181;"";125;0,00;420,86;-15825,16;14216,30;
00113;"Caixa Econômica Federal ";111020004;17/02/2025;"VR. DEB. C/C REF. AXF MATERIAIS DE CONSTRUÇÃO LTDA NF 1249";00138;"";125;0,00;757,10;-15825,16;14973,40;
00113;"Caixa Econômica Federal ";111020004;18/02/2025;"VR. DEB. C/C REF.XAVIER LOCAÇÕES";00138;"";125;0,00;300,00;-15825,16;15273,40;
00113;"Caixa Econômica Federal ";111020004;19/02/2025;"VR.DESC.IRRF S/SALARIOS N/MES.";00023;"";125;0,00;93,23;-15825,16;15366,63;
00113;"Caixa Econômica Federal ";111020004;19/02/2025;"VR.DEB.C/C PIS S/FOLHA PAGATO.";00018;"";125;0,00;158,53;-15825,16;15525,16;
00113;"Caixa Econômica Federal ";111020004;19/02/2025;"VR.DEB.C/C REF.PAGATO.INSS";00112;"";125;0,00;5365,92;-15825,16;20891,08;
00113;"Caixa Econômica Federal ";111020004;20/02/2025;"VR. DEB. C/C REF. FRETE - SOUZA DAMIANI LTDA NF 336.981";00048;"";125;0,00;18,57;-15825,16;20909,65;
00113;"Caixa Econômica Federal ";111020004;20/02/2025;"VR. DEB. C/C REF. CARRETO - AXF MATERIAIS DE CONSTRUÇÃO NF 1254";00048;"";125;0,00;35,00;-15825,16;20944,65;
00113;"Caixa Econômica Federal ";111020004;20/02/2025;"VR. DEB. C/C REF.SOUZA DAMIANI LTDA NF 336.981";00138;"";125;0,00;72,34;-15825,16;21016,99;
00113;"Caixa Econômica Federal ";111020004;20/02/2025;"VR. DEB. C/C REF. CRONOS DISTRIBUIDORA LTDA NF 14.121";00138;"";125;0,00;153,80;-15825,16;21170,79;
00113;"Caixa Econômica Federal ";111020004;20/02/2025;"VR. DEB. C/C REF. AXF MATERIAIS DE CONSTRUÇÃO NF 1254";00138;"";125;0,00;191,90;-15825,16;21362,69;
00113;"Caixa Econômica Federal ";111020004;20/02/2025;"VR. DEB. C/C REF. FERRUM COMERCIO LTDA NF 6.000";00138;"";125;0,00;407,16;-15825,16;21769,85;
00113;"Caixa Econômica Federal ";111020004;21/02/2025;"VR. DEB. C/C REF.FRETE CLORAFER COMERCIO DE FERROS E METAIS LTDA NF 3285";00048;"";125;0,00;35,61;-15825,16;21805,46;
00113;"Caixa Econômica Federal ";111020004;21/02/2025;"VR. DEB. C/C REF. CLORAFER COMERCIO DE FERROS E METAIS LTDA NF 3285";00138;"";125;0,00;78,88;-15825,16;21884,34;
00113;"Caixa Econômica Federal ";111020004;21/02/2025;"VR. DEB. C/C REF. IPVA MOTO COND";00156;"";125;0,00;80,80;-15825,16;21965,14;
00113;"Caixa Econômica Federal ";111020004;21/02/2025;"VR. DEB. C/C REF. IPVA MOTO COND";00156;"";125;0,00;111,84;-15825,16;22076,98;
00113;"Caixa Econômica Federal ";111020004;21/02/2025;"VR. DEB. C/C REF. DELL ART";00115;"";125;0,00;260,00;-15825,16;22336,98;
00113;"Caixa Econômica Federal ";111020004;21/02/2025;"VR. DEB. C/C REF. DEIDNE BARBOSA FONSECA";00138;"";125;0,00;1700,00;-15825,16;24036,98;
00113;"Caixa Econômica Federal ";111020004;24/02/2025;"VR. DEB. C/C REF.ALMEIDA ACABAMENTOS FRETE";00048;"";125;0,00;35,00;-15825,16;24071,98;
00113;"Caixa Econômica Federal ";111020004;24/02/2025;"VR. DEB. C/C REF. LERROY MERLIN";00181;"";125;0,00;42,78;-15825,16;24114,76;
00113;"Caixa Econômica Federal ";111020004;24/02/2025;"VR. DEB. C/C REF. POSTO ATP LTDA";00201;"";125;0,00;98,35;-15825,16;24213,11;
00113;"Caixa Econômica Federal ";111020004;24/02/2025;"VR. DEB. C/C REF. LOCAMONTE FL-116776";00194;"";125;0,00;235,00;-15825,16;24448,11;
00113;"Caixa Econômica Federal ";111020004;24/02/2025;"VR. DEB. C/C REF. ALMEIDA ACABAMENTOS";00138;"";125;0,00;515,70;-15825,16;24963,81;
00113;"Caixa Econômica Federal ";111020004;25/02/2025;"VR. DEB. C/C REF.REEMBOLSO WESLLEY ABASTECIMENTO MOTO COND";00201;"";125;0,00;34,99;-15825,16;24998,80;
00113;"Caixa Econômica Federal ";111020004;25/02/2025;"VR.DEB.C/C TELEFONE";00209;"";125;0,00;90,62;-15825,16;25089,42;
00113;"Caixa Econômica Federal ";111020004;25/02/2025;"VR. DEB. C/C REF. PAGTO COND21 GROUP SOFTWARE";00187;"";125;0,00;340,85;-15825,16;25430,27;
00113;"Caixa Econômica Federal ";111020004;26/02/2025;"VR. DEB. C/C REF. ALMEIDA ACABAMENTOS FRETE";00048;"";125;0,00;6,46;-15825,16;25436,73;
00113;"Caixa Econômica Federal ";111020004;26/02/2025;"VR. DEB. C/C REF. ALMEIDA ACABAMENTOS";00138;"";125;0,00;43,34;-15825,16;25480,07;
00113;"Caixa Econômica Federal ";111020004;26/02/2025;"VR. DEB. C/C REF. REEMBOLSO WESLLEY COMBUSTIVEL";00201;"";125;0,00;60,00;-15825,16;25540,07;
00113;"Caixa Econômica Federal ";111020004;26/02/2025;"VR. DEB. C/C REF. LOC JABO";00048;"";125;0,00;80,00;-15825,16;25620,07;
00113;"Caixa Econômica Federal ";111020004;26/02/2025;"VR. DEB. C/C REF. LOC JABO";00194;"";125;0,00;100,00;-15825,16;25720,07;
00113;"Caixa Econômica Federal ";111020004;26/02/2025;"VR. DEB. C/C REF. REAL COMERCIO LTDA NF 30853";00138;"";125;0,00;345,99;-15825,16;26066,06;
00113;"Caixa Econômica Federal ";111020004;26/02/2025;"VR. DEB. C/C REF. TOKKIO MARINE SEGURADORA S A";00008;"";125;0,00;529,60;-15825,16;26595,66;
00113;"Caixa Econômica Federal ";111020004;27/02/2025;"VR.DEB.C/C MASTER CONSULTORIOS E CONSULTORIA MED";00122;"";125;0,00;120,00;-15825,16;26715,66;
00113;"Caixa Econômica Federal ";111020004;28/02/2025;"VR.CRED.C/C MOV.COBRANÇA CF. EXTRATO";00255;"";125;33660,00;0,00;-15825,16;-6944,34;
00113;"Caixa Econômica Federal ";111020004;28/02/2025;"VR.CRED.C/C RECEITA ACORDO CF.PLANILHA";00019;"";125;8248,64;0,00;-15825,16;-15192,98;
00113;"Caixa Econômica Federal ";111020004;28/02/2025;"VR. CRED. C/C REF. TAXA DE AGUA";00116;"";125;1522,16;0,00;-15825,16;-16715,14;
00113;"Caixa Econômica Federal ";111020004;28/02/2025;"VR.CRED.C/C.REF.PAGTO. JUROS E MULTA";264;"";125;125,78;0,00;-15825,16;-16840,92;
00113;"Caixa Econômica Federal ";111020004;28/02/2025;"VR. DEB. C/C REF. ALMEIDA ACABAMENTOS";00138;"";125;0,00;67,50;-15825,16;-16773,42;
00113;"Caixa Econômica Federal ";111020004;28/02/2025;"VR. DEB. C/C REF. ALIMENTACAO DCJ";00193;"";125;0,00;259,00;-15825,16;-16514,42;
00113;"Caixa Econômica Federal ";111020004;28/02/2025;"VR. DEB. C/C REF.LOCAMONTE FL-116883";00194;"";125;0,00;300,00;-15825,16;-16214,42;
00113;"Caixa Econômica Federal ";111020004;28/02/2025;"VR.DEB.C/C RECEITA ACORDO CF.PLANILHA";00019;"";125;0,00;824,86;-15825,16;-15389,56;
00113;"Caixa Econômica Federal ";111020004;28/02/2025;"VR.DEB.C/C TARIFAS BANCARIAS CF EXTRATO";00244;"";125;0,00;1023,78;-15825,16;-14365,78;
00113;"Caixa Econômica Federal ";111020004;28/02/2025;"VR.DEB.C/C REF.FERIAS LUIS F";00033;"";125;0,00;3242,24;-15825,16;-11123,54;
00113;"Caixa Econômica Federal ";111020004;28/02/2025;"VR. DEB. C/C REF.PARCELA FINAL DCJ";00138;"";125;0,00;7500,00;-15825,16;-3623,54;
00113;"Caixa Econômica Federal ";111020004;05/03/2025;"VR.CRED.C/C.REF.RESTAGE CDB";348;"";126;18958,07;0,00;-15825,16;-22581,61;
00113;"Caixa Econômica Federal ";111020004;05/03/2025;"VR. DEB. C/C REF.CARRETO AXF NF 1271";00048;"";126;0,00;70,00;-15825,16;-22511,61;
00113;"Caixa Econômica Federal ";111020004;05/03/2025;"VR.DEB.C/C.REF.PAGTO SUPERMERCADOS BH";00193;"";126;0,00;194,66;-15825,16;-22316,95;
00113;"Caixa Econômica Federal ";111020004;05/03/2025;"VR. DEB. C/C REF. WEVERTON COSME - PINTURA PORTAO";236;"";126;0,00;900,00;-15825,16;-21416,95;
00113;"Caixa Econômica Federal ";111020004;05/03/2025;"VR. DEB. C/C REF.AXF MATERIAIS DE CONSTRUÇÃO LTDA NF 1271";00186;"";126;0,00;1158,60;-15825,16;-20258,35;
00113;"Caixa Econômica Federal ";111020004;05/03/2025;"VR.DEB.C/C VT";00230;"";126;0,00;1169,60;-15825,16;-19088,75;
00113;"Caixa Econômica Federal ";111020004;05/03/2025;"VR.DEB.C/C CIA BRASILEIRA SOLUCOES E SERVICOS REF.CARTAO ALIMENTACAO";00021;"";126;0,00;1856,22;-15825,16;-17232,53;
00113;"Caixa Econômica Federal ";111020004;05/03/2025;"VR.DEB.C/C HONORARIOS CONTABEIS N/MES";00188;"";126;0,00;2790,70;-15825,16;-14441,83;
00113;"Caixa Econômica Federal ";111020004;05/03/2025;"VR.DEB.C/C PRO-LABORE SINDICO";477;"";126;0,00;3000,00;-15825,16;-11441,83;
00113;"Caixa Econômica Federal ";111020004;05/03/2025;"VR.DEB.C/C REF.PAGTO.SALARIOS N/MES";00107;"";126;0,00;11399,06;-15825,16;-42,77;
00113;"Caixa Econômica Federal ";111020004;06/03/2025;"VR.CRED.C/C.REF.RESTAGE CDB";348;"";126;202,32;0,00;-15825,16;-245,09;
00113;"Caixa Econômica Federal ";111020004;06/03/2025;"VR. DEB. C/C REF.JASON DIAS - VIDROS PORTARIA";236;"";126;0,00;1780,00;-15825,16;1534,91;
00113;"Caixa Econômica Federal ";111020004;07/03/2025;"VR. DEB. C/C REF. UBER ESCRITORIO ADEC E COMPRA DE TINTAS";00208;"";126;0,00;78,52;-15825,16;1613,43;
00113;"Caixa Econômica Federal ";111020004;07/03/2025;"VR. DEB. C/C REF.LEONARDO RANGEL (MINAS TEXTURAS) NF 327";236;"";126;0,00;151,90;-15825,16;1765,33;
00113;"Caixa Econômica Federal ";111020004;10/03/2025;"VR. DEB. C/C REF. CASA VERMELHA TREM DE TUDO, N. 35840";00181;"";126;0,00;45,50;-15825,16;1810,83;
00113;"Caixa Econômica Federal ";111020004;10/03/2025;"VR.DEB.C/C.REF.PAGTO SINDEAC PQM";115;"";126;0,00;84,00;-15825,16;1894,83;
00113;"Caixa Econômica Federal ";111020004;10/03/2025;"VR.DEB.C/C.REF.PAGTO. SINDEAC PAF";00035;"";126;0,00;690,20;-15825,16;2585,03;
00113;"Caixa Econômica Federal ";111020004;10/03/2025;"VR. DEB. C/C REF. DEIDNE BARBOSA - NIVELAMENTO PISO PORTARIA";236;"";126;0,00;700,00;-15825,16;3285,03;
00113;"Caixa Econômica Federal ";111020004;10/03/2025;"VR. DEB. C/C REF. WEVERTON COSME PINTURA PORTARIA 2/2";236;"";126;0,00;900,00;-15825,16;4185,03;
00113;"Caixa Econômica Federal ";111020004;11/03/2025;"VR.CRED.C/C.REF.RESTAGE CDB";348;"";126;1909,16;0,00;-15825,16;2275,87;
00113;"Caixa Econômica Federal ";111020004;11/03/2025;"VR. DEB. C/C REF. AXF CARRETO NF 1278";00048;"";126;0,00;35,00;-15825,16;2310,87;
00113;"Caixa Econômica Federal ";111020004;11/03/2025;"VR.DESC.IRRF S/SALARIOS N/MES.";00023;"";126;0,00;80,12;-15825,16;2390,99;
00113;"Caixa Econômica Federal ";111020004;11/03/2025;"VR. DEB. C/C REF.CLICK REPAROS ATACADISTA (MERCADO LIVRE) NF 185.518";00066;"";126;0,00;122,67;-15825,16;2513,66;
00113;"Caixa Econômica Federal ";111020004;11/03/2025;"VR.DEB.C/C PIS S/FOLHA PAGATO.";00018;"";126;0,00;167,31;-15825,16;2680,97;
00113;"Caixa Econômica Federal ";111020004;11/03/2025;"VR. DEB. C/C REF. ADEC ENTREGA LIVROS CONTABEIS 2019/2020/2021/2022/2023/2024";00196;"";126;0,00;273,60;-15825,16;2954,57;
00113;"Caixa Econômica Federal ";111020004;11/03/2025;"VR. DEB. C/C REF.AXF MATERIAS DE CONSTRUÇÃO LTDA NF 1278";00186;"";126;0,00;429,00;-15825,16;3383,57;
00113;"Caixa Econômica Federal ";111020004;11/03/2025;"VR.DEB.C/C FGTS MES";00114;"";126;0,00;1338,48;-15825,16;4722,05;
00113;"Caixa Econômica Federal ";111020004;11/03/2025;"VR.DEB.C/C REF.PAGATO.INSS";00112;"";126;0,00;5674,45;-15825,16;10396,50;
00113;"Caixa Econômica Federal ";111020004;12/03/2025;"VR. DEB. C/C REF. FABRITELHAS INDUSTRIA COMERCIO E SERVIÇOS LTDA NF 5.158";00186;"";126;0,00;2842,08;-15825,16;13238,58;
00113;"Caixa Econômica Federal ";111020004;13/03/2025;"VR. DEB. C/C REF.CARRETO FABRITELHAS";00048;"";126;0,00;180,00;-15825,16;13418,58;
00113;"Caixa Econômica Federal ";111020004;13/03/2025;"VR. DEB. C/C REF. DEIDNE BARBOSA NIVELAMENTO DO PISO 2/2";236;"";126;0,00;400,00;-15825,16;13818,58;
00113;"Caixa Econômica Federal ";111020004;14/03/2025;"VR. DEB. C/C REF. SAO JOSE PAPELARIA E UTILIDADES";00099;"";126;0,00;15,00;-15825,16;13833,58;
00113;"Caixa Econômica Federal ";111020004;17/03/2025;"VR. DEB. C/C REF. FRETE NEW POINT COMERCIO DE PRODUTOS (MERCADO LIVRE) NF 18.956";00048;"";126;0,00;11,00;-15825,16;13844,58;
00113;"Caixa Econômica Federal ";111020004;17/03/2025;"VR.DEB.C/C.REF. SISTEMA PONTO TANGERINO";439;"";126;0,00;71,92;-15825,16;13916,50;
00113;"Caixa Econômica Federal ";111020004;17/03/2025;"VR.DEB.C/C CTA CEMIG N/MES";00206;"";126;0,00;107,77;-15825,16;14024,27;
00113;"Caixa Econômica Federal ";111020004;17/03/2025;"VR.DEB.C/C CTA CEMIG N/MES";00206;"";126;0,00;331,42;-15825,16;14355,69;
00113;"Caixa Econômica Federal ";111020004;17/03/2025;"VR. DEB. C/C REF.NEW POINT COMERCIO DE PRODUTOS (MERCADO LIVRE) NF 18.956";00066;"";126;0,00;350,56;-15825,16;14706,25;
00113;"Caixa Econômica Federal ";111020004;17/03/2025;"VR.DEB.C/C CTA CEMIG N/MES";00206;"";126;0,00;1411,86;-15825,16;16118,11;
00113;"Caixa Econômica Federal ";111020004;18/03/2025;"REEMBOLSO COMPRAS MERCADO LIVRE";600;"";126;560,96;0,00;-15825,16;15557,15;
00113;"Caixa Econômica Federal ";111020004;18/03/2025;"VR. DEB. C/C REF.REEMBOLSO WESLLEY ABASTECIMENTO";00201;"";126;0,00;80,00;-15825,16;15637,15;
00113;"Caixa Econômica Federal ";111020004;21/03/2025;"VR. DEB. C/C REF.ABASTECIMENTO";00201;"";126;0,00;120,00;-15825,16;15757,15;
00113;"Caixa Econômica Federal ";111020004;21/03/2025;"VR. DEB. C/C REF. APLICAÇÃO";348;"";126;0,00;23000,00;-15825,16;38757,15;
00113;"Caixa Econômica Federal ";111020004;24/03/2025;"VR.DEB.C/C.REF.PAGTO VEREJO BLASKVICZ NF 123";00099;"";126;0,00;20,00;-15825,16;38777,15;
00113;"Caixa Econômica Federal ";111020004;24/03/2025;"VR. DEB. C/C REF. EMPORIO TREVO";00193;"";126;0,00;21,00;-15825,16;38798,15;
00113;"Caixa Econômica Federal ";111020004;24/03/2025;"VR.DEB.C/C.REF.PAGTO VEREJO BLASKVICZ NF 123";00189;"";126;0,00;31,00;-15825,16;38829,15;
00113;"Caixa Econômica Federal ";111020004;24/03/2025;"VR.DEB.C/C.REF.PAGTO SUPERMERCADOS BH";00189;"";126;0,00;51,78;-15825,16;38880,93;
00113;"Caixa Econômica Federal ";111020004;24/03/2025;"VR. DEB. C/C REF. COMERCIAL SERRA DO CIPO";00193;"";126;0,00;59,67;-15825,16;38940,60;
00113;"Caixa Econômica Federal ";111020004;24/03/2025;"VR.DEB.C/C.REF.PAGTO VEREJO BLASKVICZ NF 123";00014;"";126;0,00;75,00;-15825,16;39015,60;
00113;"Caixa Econômica Federal ";111020004;25/03/2025;"VR.DEB.C/C TELEFONE";00209;"";126;0,00;90,62;-15825,16;39106,22;
00113;"Caixa Econômica Federal ";111020004;25/03/2025;"VR.DEB.C/C MASTER CONSULTORIOS E CONSULTORIA MED";00122;"";126;0,00;120,00;-15825,16;39226,22;
00113;"Caixa Econômica Federal ";111020004;25/03/2025;"VR. DEB. C/C REF.DELL ART";00115;"";126;0,00;260,00;-15825,16;39486,22;
00113;"Caixa Econômica Federal ";111020004;25/03/2025;"VR. DEB. C/C REF. PAGTO COND21";00187;"";126;0,00;340,85;-15825,16;39827,07;
00113;"Caixa Econômica Federal ";111020004;27/03/2025;"VR.CRED.C/C.REF.RESTAGE CDB";348;"";126;1052,06;0,00;-15825,16;38775,01;
00113;"Caixa Econômica Federal ";111020004;27/03/2025;"VR.DEB.C/C.REF.PAGTO MEGGA MOTOS OS 11618";00205;"";126;0,00;200,00;-15825,16;38975,01;
00113;"Caixa Econômica Federal ";111020004;27/03/2025;"VR.DEB.C/C REF.FERIAS SANDRO ALVES";00033;"";126;0,00;2659,63;-15825,16;41634,64;
00113;"Caixa Econômica Federal ";111020004;28/03/2025;"VR.CRED.C/C.REF.RESTAGE CDB";348;"";126;1055,05;0,00;-15825,16;40579,59;
00113;"Caixa Econômica Federal ";111020004;28/03/2025;"VR. DEB. C/C REF. IPVA 2021";00156;"";126;0,00;310,63;-15825,16;40890,22;
00113;"Caixa Econômica Federal ";111020004;28/03/2025;"VR.DEB.C/C.REF.PAGTO. CARTORIO DE REGISTRO DE TITULOS E DOCUMENTOS E CIVIL DAS PESSOAS JURIDICAS DE JABOTICATUBAS-MG";376;"";126;0,00;471,96;-15825,16;41362,18;
00113;"Caixa Econômica Federal ";111020004;28/03/2025;"VR. DEB. C/C REF.IPVA 2022";00156;"";126;0,00;563,11;-15825,16;41925,29;
00113;"Caixa Econômica Federal ";111020004;31/03/2025;"VR.CRED.C/C MOV.COBRANÇA CF. EXTRATO";00255;"";126;33660,00;0,00;-15825,16;8265,29;
00113;"Caixa Econômica Federal ";111020004;31/03/2025;"VR.CRED.C/C RECEITA ACORDO CF.PLANILHA";00019;"";126;6628,05;0,00;-15825,16;1637,24;
00113;"Caixa Econômica Federal ";111020004;31/03/2025;"VR.CRED.C/C.REF.RESTAGE CDB SEGURO MOTO";348;"";126;3684,47;0,00;-15825,16;-2047,23;
00113;"Caixa Econômica Federal ";111020004;31/03/2025;"VR. CRED. C/C REF. TAXA DE AGUA";00116;"";126;2516,02;0,00;-15825,16;-4563,25;
00113;"Caixa Econômica Federal ";111020004;31/03/2025;"VR.CRED.C/C.REF.PAGTO. JUROS E MULTA";264;"";126;86,89;0,00;-15825,16;-4650,14;
00113;"Caixa Econômica Federal ";111020004;31/03/2025;"VR. DEB. C/C REF.DANIELA SILVA NOG";00065;"";126;0,00;100,00;-15825,16;-4550,14;
00113;"Caixa Econômica Federal ";111020004;31/03/2025;"VR.DEB.C/C.REF.PAGTO SUPERMERCADO APOIO MINEIRO";00193;"";126;0,00;157,44;-15825,16;-4392,70;
00113;"Caixa Econômica Federal ";111020004;31/03/2025;"VR.DEB.C/C RECEITA ACORDO CF.PLANILHA";00019;"";126;0,00;601,56;-15825,16;-3791,14;
00113;"Caixa Econômica Federal ";111020004;31/03/2025;"VR. DEB. C/C REF.SEGURO MOTO";00008;"";126;0,00;809,17;-15825,16;-2981,97;
00113;"Caixa Econômica Federal ";111020004;31/03/2025;"VR.DEB.C/C TARIFAS BANCARIAS CF EXTRATO";00244;"";126;0,00;981,97;-15825,16;-2000,00;
00113;"Caixa Econômica Federal ";111020004;31/03/2025;"VR. DEB. C/C REF. PH SERRALHEIRO N. 6";00186;"";126;0,00;2000,00;-15825,16;0,00;
00113;"Caixa Econômica Federal ";111020004;01/04/2025;"VR.CRED.C/C.REF.RESTAGE CDB";348;"";127;15679,31;0,00;-15825,16;-15679,31;
00113;"Caixa Econômica Federal ";111020004;01/04/2025;"VR.DEB.C/C VT";00230;"";127;0,00;1169,60;-15825,16;-14509,71;
00113;"Caixa Econômica Federal ";111020004;01/04/2025;"VR.DEB.C/C PRO-LABORE";477;"";127;0,00;3000,00;-15825,16;-11509,71;
00113;"Caixa Econômica Federal ";111020004;01/04/2025;"VR.DEB.C/C REF.PAGTO.SALARIOS N/MES";00107;"";127;0,00;11501,21;-15825,16;-8,50;
00113;"Caixa Econômica Federal ";111020004;04/04/2025;"VR. DEB. C/C REF. JMF COMERCIAL E SERVIÇOS LTDA NF 58.417 - FRETE";00048;"";127;0,00;18,57;-15825,16;10,07;
00113;"Caixa Econômica Federal ";111020004;04/04/2025;"VR. DEB. C/C REF. JMF COMERCIAL E SERVIÇOS LTDA NF 58.417";00099;"";127;0,00;42,84;-15825,16;52,91;
00113;"Caixa Econômica Federal ";111020004;04/04/2025;"VR. DEB. C/C REF.REEMBOLSO DESLOCAMENTO";376;"";127;0,00;273,60;-15825,16;326,51;
00113;"Caixa Econômica Federal ";111020004;04/04/2025;"VR. DEB. C/C REF.CONFECÇÃO ATA";376;"";127;0,00;300,00;-15825,16;626,51;
00113;"Caixa Econômica Federal ";111020004;04/04/2025;"VR.DEB.C/C HONORARIOS CONTABEIS N/MES";00188;"";127;0,00;2790,70;-15825,16;3417,21;
00113;"Caixa Econômica Federal ";111020004;07/04/2025;"VR.CRED.C/C.REF.RESTAGE CDB";348;"";127;904,60;0,00;-15825,16;2512,61;
00113;"Caixa Econômica Federal ";111020004;07/04/2025;"VR. DEB. C/C REF. REEMBOLSO UBER - CAIXA EC.";00208;"";127;0,00;36,07;-15825,16;2548,68;
00113;"Caixa Econômica Federal ";111020004;07/04/2025;"VR. DEB. C/C REF.IPVA 2025 3/3";00156;"";127;0,00;76,66;-15825,16;2625,34;
00113;"Caixa Econômica Federal ";111020004;07/04/2025;"VR. DEB. C/C REF. CASA VERMELHA TREM DE TUDO - COMPROVANTE DE VENDA 36671";00066;"";127;0,00;92,60;-15825,16;2717,94;
00113;"Caixa Econômica Federal ";111020004;07/04/2025;"VR. DEB. C/C REF. AQUATUDO COMERCIAL LTDA NF 1599";00144;"";127;0,00;1700,70;-15825,16;4418,64;
00113;"Caixa Econômica Federal ";111020004;07/04/2025;"VR.DEB.C/C CIA BRASILEIRA SOLUCOES E SERVICOS REF.CARTAO ALIMENTACAO";00021;"";127;0,00;1856,22;-15825,16;6274,86;
00113;"Caixa Econômica Federal ";111020004;08/04/2025;"VR. DEB. C/C REF.SERVIÇOS ADM AMBIENTAIS - NSF-E 77 - Luciana da Silva";00197;"";127;0,00;250,00;-15825,16;6524,86;
00113;"Caixa Econômica Federal ";111020004;09/04/2025;"VR. DEB. C/C REF. UBER- ENVIO DOCS";00208;"";127;0,00;14,23;-15825,16;6539,09;
00113;"Caixa Econômica Federal ";111020004;09/04/2025;"VR. DEB. C/C REF. 99POP";00208;"";127;0,00;35,90;-15825,16;6574,99;
00113;"Caixa Econômica Federal ";111020004;09/04/2025;"VR. DEB. C/C REF. Portão Eletronico Portaria - 1/4 - CASSIA MARIA NFS-E 69";691;"";127;0,00;3138,75;-15825,16;9713,74;
00113;"Caixa Econômica Federal ";111020004;10/04/2025;"VR.DEB.C/C.REF.PAGTO SINDEAC PQM PROFPS";115;"";127;0,00;84,00;-15825,16;9797,74;
00113;"Caixa Econômica Federal ";111020004;10/04/2025;"VR. DEB. C/C REF.REEMBOLSO WESLLEY";00201;"";127;0,00;100,00;-15825,16;9897,74;
00113;"Caixa Econômica Federal ";111020004;10/04/2025;"VR. DEB. C/C REF. FRETE - MATERIAL HIDRAULICO";00048;"";127;0,00;300,00;-15825,16;10197,74;
00113;"Caixa Econômica Federal ";111020004;10/04/2025;"VR.DEB.C/C.REF.PAGTO. SINDEAC PAF";00035;"";127;0,00;690,20;-15825,16;10887,94;
00113;"Caixa Econômica Federal ";111020004;14/04/2025;"VR.DEB.C/C VT";00230;"";127;0,00;217,60;-15825,16;11105,54;
00113;"Caixa Econômica Federal ";111020004;14/04/2025;"VR.DEB.C/C FGTS MES";00114;"";127;0,00;1370,49;-15825,16;12476,03;
00113;"Caixa Econômica Federal ";111020004;15/04/2025;"VR.DEB.C/C.REF. SISTEMA PONTO TANGERINO";439;"";127;0,00;71,92;-15825,16;12547,95;
00113;"Caixa Econômica Federal ";111020004;15/04/2025;"VR. DEB. C/C REF.ABASTECIMENTO CARREFOUR";00201;"";127;0,00;90,00;-15825,16;12637,95;
00113;"Caixa Econômica Federal ";111020004;16/04/2025;"VR.DEB.C/C PIS S/FOLHA PAGATO.";00018;"";127;0,00;171,31;-15825,16;12809,26;
00113;"Caixa Econômica Federal ";111020004;16/04/2025;"VR.DEB.C/C REF.PAGATO.INSS";00112;"";127;0,00;5816,74;-15825,16;18626,00;
00113;"Caixa Econômica Federal ";111020004;17/04/2025;"VR.DEB.C/C CTA CEMIG N/MES";00206;"";127;0,00;200,81;-15825,16;18826,81;
00113;"Caixa Econômica Federal ";111020004;17/04/2025;"VR.DEB.C/C CTA CEMIG N/MES";00206;"";127;0,00;421,16;-15825,16;19247,97;
00113;"Caixa Econômica Federal ";111020004;17/04/2025;"VR. DEB. C/C REF.REPARO ESTRUTURAL PORTARIA - DAIDNE BARBOSA";236;"";127;0,00;900,00;-15825,16;20147,97;
00113;"Caixa Econômica Federal ";111020004;22/04/2025;"VR. DEB. C/C REF. IVAL COMERCIO S J ALMEIDA";306;"";127;0,00;39,80;-15825,16;20187,77;
00113;"Caixa Econômica Federal ";111020004;22/04/2025;"VR. DEB. C/C REF. AXF MATERIAIS DE CONSTRUÇÃO LTDA NF 1.320";00144;"";127;0,00;118,95;-15825,16;20306,72;
00113;"Caixa Econômica Federal ";111020004;22/04/2025;"VR. DEB. C/C REF. REAL COMERCIO LTDA / LAGOA SANTA - NF 31517";236;"";127;0,00;203,31;-15825,16;20510,03;
00113;"Caixa Econômica Federal ";111020004;22/04/2025;"VR. DEB. C/C REF. JASON DIAS - VIDROS PORTARIA";236;"";127;0,00;1095,00;-15825,16;21605,03;
00113;"Caixa Econômica Federal ";111020004;25/04/2025;"VR.DEB.C/C TELEFONE VIVO";00209;"";127;0,00;90,62;-15825,16;21695,65;
00113;"Caixa Econômica Federal ";111020004;25/04/2025;"VR. DEB. C/C REF. PAGTO COND21 GROUP SOFTWARE";00187;"";127;0,00;340,85;-15825,16;22036,50;
00113;"Caixa Econômica Federal ";111020004;25/04/2025;"VR. DEB. C/C REF. SUPRY PONT INFORMATICA LTDA NF 944.485";00099;"";127;0,00;382,61;-15825,16;22419,11;
00113;"Caixa Econômica Federal ";111020004;28/04/2025;"VR. DEB. C/C REF. SAO JOSE PAPELARIA E UTILIDADES";00099;"";127;0,00;17,00;-15825,16;22436,11;
00113;"Caixa Econômica Federal ";111020004;28/04/2025;"VR.DEB.C/C MASTER CONSULTORIOS E CONSULTORIA MED";00122;"";127;0,00;120,00;-15825,16;22556,11;
00113;"Caixa Econômica Federal ";111020004;28/04/2025;"VR. DEB. C/C REF. MARIANA GABRIELA RODRIGUES NF 4.801";00014;"";127;0,00;435,00;-15825,16;22991,11;
00113;"Caixa Econômica Federal ";111020004;28/04/2025;"VR.PAGTO. N/CH  REF. HUGO VERNEK XAVIER NF 20250000000000018 - CAÇAMBA";00194;"";127;0,00;500,00;-15825,16;23491,11;
00113;"Caixa Econômica Federal ";111020004;29/04/2025;"VR.DEB.C/C.REF.PAGTO SUPERMERCADOS BH";00099;"";127;0,00;23,90;-15825,16;23515,01;
00113;"Caixa Econômica Federal ";111020004;29/04/2025;"VR.DEB.C/C.REF.PAGTO SUPERMERCADOS BH";00189;"";127;0,00;41,90;-15825,16;23556,91;
00113;"Caixa Econômica Federal ";111020004;29/04/2025;"VR. DEB. C/C REF.REEMBOLSO UBER NSF";00208;"";127;0,00;54,99;-15825,16;23611,90;
00113;"Caixa Econômica Federal ";111020004;29/04/2025;"VR.DEB.C/C.REF.PAGTO SUPERMERCADOS BH";00193;"";127;0,00;166,36;-15825,16;23778,26;
00113;"Caixa Econômica Federal ";111020004;29/04/2025;"VR.DEB.C/C REF.FERIAS ADILSON";00033;"";127;0,00;2708,05;-15825,16;26486,31;
00113;"Caixa Econômica Federal ";111020004;30/04/2025;"VR.CRED.C/C TAXA CONDOMINIAL CF. EXTRATO";00255;"";127;37935,00;0,00;-15825,16;-11448,69;
00113;"Caixa Econômica Federal ";111020004;30/04/2025;"VR.CRED.C/C RECEITA ACORDO CF.PLANILHA";00019;"";127;4741,82;0,00;-15825,16;-16190,51;
00113;"Caixa Econômica Federal ";111020004;30/04/2025;"VR. CRED. C/C REF. TAXA DE AGUA";00116;"";127;2181,33;0,00;-15825,16;-18371,84;
00113;"Caixa Econômica Federal ";111020004;30/04/2025;"VR. CRED. C/C REF. TAXA DE HIDROMETRO";00042;"";127;1715,00;0,00;-15825,16;-20086,84;
00113;"Caixa Econômica Federal ";111020004;30/04/2025;"VR.CRED.C/C.REF.PAGTO. JUROS E MULTA";264;"";127;158,32;0,00;-15825,16;-20245,16;
00113;"Caixa Econômica Federal ";111020004;30/04/2025;"VR.CRED.C/C RECEITA CONTROLE DE ACESSO";00124;"";127;40,00;0,00;-15825,16;-20285,16;
00113;"Caixa Econômica Federal ";111020004;30/04/2025;"VR.DEB.C/C RECEITA ACORDO - HONORARIO";00019;"";127;0,00;581,56;-15825,16;-19703,60;
00113;"Caixa Econômica Federal ";111020004;30/04/2025;"VR.DEB.C/C TARIFAS BANCARIAS CF EXTRATO";00244;"";127;0,00;1024,85;-15825,16;-18678,75;
00113;"Caixa Econômica Federal ";111020004;02/05/2025;"VR. DEB. C/C REF. REEMBOLSO WESLLEY COMBUSTIVEL - MOTO COND.";00201;"";128;0,00;111,37;-15825,16;-18567,38;
00113;"Caixa Econômica Federal ";111020004;02/05/2025;"VR. DEB. C/C REF.SUBSTITUTO ADILSON";00190;"";128;0,00;449,99;-15825,16;-18117,39;
00113;"Caixa Econômica Federal ";111020004;02/05/2025;"VR.DEB.C/C VT";00230;"";128;0,00;1251,20;-15825,16;-16866,19;
00113;"Caixa Econômica Federal ";111020004;02/05/2025;"VR. DEB. C/C REF.CASSIA MARIA NFS-E 70";236;"";128;0,00;1980,00;-15825,16;-14886,19;
00113;"Caixa Econômica Federal ";111020004;02/05/2025;"VR.DEB.C/C PRO-LABORE SINDICO";477;"";128;0,00;3000,00;-15825,16;-11886,19;
00113;"Caixa Econômica Federal ";111020004;02/05/2025;"VR.DEB.C/C REF.PAGTO.SALARIOS N/MES";00107;"";128;0,00;11737,75;-15825,16;-148,44;
00113;"Caixa Econômica Federal ";111020004;05/05/2025;"VR.CRED.C/C.REF.RESTAGE CDB";348;"";128;4500,25;0,00;-15825,16;-4648,69;
00113;"Caixa Econômica Federal ";111020004;05/05/2025;"VR.DEB.C/C HONORARIOS CONTABEIS N/MES";00188;"";128;0,00;2790,70;-15825,16;-1857,99;
00113;"Caixa Econômica Federal ";111020004;05/05/2025;"VR. DEB. C/C REF.Portão Eletronico Portaria - 2/4 - CASSIA MARIA";691;"";128;0,00;3138,75;-15825,16;1280,76;
00113;"Caixa Econômica Federal ";111020004;06/05/2025;"VR. DEB. C/C REF.REEMBOLSO COMBUSTIVEL";00201;"";128;0,00;50,00;-15825,16;1330,76;
00113;"Caixa Econômica Federal ";111020004;07/05/2025;"VR.DEB.C/C CIA BRASILEIRA SOLUCOES E SERVICOS REF.CARTAO ALIMENTACAO";00021;"";128;0,00;1856,22;-15825,16;3186,98;
00113;"Caixa Econômica Federal ";111020004;08/05/2025;"VR. DEB. C/C REF. GARRA COMERCIO LTDA NF 5606";00189;"";128;0,00;48,80;-15825,16;3235,78;
00113;"Caixa Econômica Federal ";111020004;08/05/2025;"VR. DEB. C/C REF.ADIANTAMENTO SALARIO WESLLEY";00074;"";128;0,00;400,00;-15825,16;3635,78;
00113;"Caixa Econômica Federal ";111020004;08/05/2025;"VR. DEB. C/C REF. ADIANTAMENTO SALARIO WESLLEY";00074;"";128;0,00;600,00;-15825,16;4235,78;
00113;"Caixa Econômica Federal ";111020004;09/05/2025;"VR.DEB.C/C.REF.PAGTO SINDEAC PQM";115;"";128;0,00;84,00;-15825,16;4319,78;
00113;"Caixa Econômica Federal ";111020004;09/05/2025;"VR.DEB.C/C.REF.PAGTO SUPERMERCADO APOIO MINEIRO";00189;"";128;0,00;259,21;-15825,16;4578,99;
00113;"Caixa Econômica Federal ";111020004;09/05/2025;"VR.DEB.C/C.REF.PAGTO. SINDEAC PAF";00035;"";128;0,00;690,20;-15825,16;5269,19;
00113;"Caixa Econômica Federal ";111020004;12/05/2025;"VR. DEB. C/C REF. WEVERTON COSME - PINTURA MEIO FIO";236;"";128;0,00;350,00;-15825,16;5619,19;
00113;"Caixa Econômica Federal ";111020004;12/05/2025;"VR. DEB. C/C REF. MANUTENÇÃO PORTA DE VIDRO";236;"";128;0,00;450,00;-15825,16;6069,19;
00113;"Caixa Econômica Federal ";111020004;13/05/2025;"VR.DEB.C/C REEMBOLSO VT - EXAME PERIODICO - SANDRO";00230;"";128;0,00;30,00;-15825,16;6099,19;
00113;"Caixa Econômica Federal ";111020004;13/05/2025;"VR.DEB.C/C CONSORCIO OTIMO DOC. E PERIODICO - LUIS F.";00230;"";128;0,00;50,00;-15825,16;6149,19;
00113;"Caixa Econômica Federal ";111020004;15/05/2025;"VR. DEB. C/C REF.ALMEIDA ACABAMENTOS";00181;"";128;0,00;66,54;-15825,16;6215,73;
00113;"Caixa Econômica Federal ";111020004;15/05/2025;"VR.DEB.C/C.REF. SISTEMA PONTO TANGERINO";439;"";128;0,00;71,92;-15825,16;6287,65;
00113;"Caixa Econômica Federal ";111020004;19/05/2025;"VR.DEB.C/C CTA CEMIG N/MES";00206;"";128;0,00;338,23;-15825,16;6625,88;
00113;"Caixa Econômica Federal ";111020004;19/05/2025;"VR.DEB.C/C CTA CEMIG N/MES";00206;"";128;0,00;1674,37;-15825,16;8300,25;
00113;"Caixa Econômica Federal ";111020004;20/05/2025;"VR.DEB.C/C PIS S/FOLHA PAGATO.";00018;"";128;0,00;165,20;-15825,16;8465,45;
00113;"Caixa Econômica Federal ";111020004;20/05/2025;"VR.DEB.C/C FGTS MES";00114;"";128;0,00;1321,59;-15825,16;9787,04;
00113;"Caixa Econômica Federal ";111020004;20/05/2025;"VR.DEB.C/C REF.PAGATO.INSS";00112;"";128;0,00;5589,38;-15825,16;15376,42;
00113;"Caixa Econômica Federal ";111020004;23/05/2025;"VR.DEB.C/C.REF.PAGTO VEREJO BLASKVICZ NF 25";00181;"";128;0,00;11,00;-15825,16;15387,42;
00113;"Caixa Econômica Federal ";111020004;23/05/2025;"VR.DEB.C/C TELEFONE";00209;"";128;0,00;90,62;-15825,16;15478,04;
00113;"Caixa Econômica Federal ";111020004;23/05/2025;"VR.DEB.C/C.REF.PAGTO VEREJO BLASKVICZ 125";516;"";128;0,00;157,00;-15825,16;15635,04;
00113;"Caixa Econômica Federal ";111020004;23/05/2025;"VR. DEB. C/C REF.VAGALUME ILUMINACAO PUBLICA LTDA NF 2025000000000231";533;"";128;0,00;4500,00;-15825,16;20135,04;
00113;"Caixa Econômica Federal ";111020004;26/05/2025;"VR. DEB. C/C REF. REEMBOLSO ABASTECIMENTO";00201;"";128;0,00;50,00;-15825,16;20185,04;
00113;"Caixa Econômica Federal ";111020004;26/05/2025;"VR.DEB.C/C.REF.PAGTO SUPERMERCADOS BH";00193;"";128;0,00;172,38;-15825,16;20357,42;
00113;"Caixa Econômica Federal ";111020004;26/05/2025;"VR. DEB. C/C REF. PAGTO COND21 GROUP SOFTWARE";00187;"";128;0,00;391,02;-15825,16;20748,44;
00113;"Caixa Econômica Federal ";111020004;27/05/2025;"VR.DEB.C/C MASTER CONSULTORIOS E CONSULTORIA MED";00122;"";128;0,00;120,00;-15825,16;20868,44;
00113;"Caixa Econômica Federal ";111020004;28/05/2025;"VR. DEB. C/C REF. MEGGA MOTOS OS. 11849";00205;"";128;0,00;50,00;-15825,16;20918,44;
00113;"Caixa Econômica Federal ";111020004;28/05/2025;"VR. DEB. C/C REF.COMERCIAL PENA E LOPES LTDA NF 497.733";00121;"";128;0,00;319,00;-15825,16;21237,44;
00113;"Caixa Econômica Federal ";111020004;29/05/2025;"VR. DEB. C/C REF. REEMBOLSO ABASTECIMENTO MOTO COND.";00201;"";128;0,00;80,00;-15825,16;21317,44;
00113;"Caixa Econômica Federal ";111020004;30/05/2025;"VR.CRED.C/C MOV.COBRANÇA CF. EXTRATO";00255;"";128;36190,00;0,00;-15825,16;-14872,56;
00113;"Caixa Econômica Federal ";111020004;30/05/2025;"VR.CRED.C/C RECEITA ACORDO CF.PLANILHA";00019;"";128;6717,05;0,00;-15825,16;-21589,61;
00113;"Caixa Econômica Federal ";111020004;30/05/2025;"VR. CRED. C/C REF. TAXA DE AGUA";00116;"";128;1932,69;0,00;-15825,16;-23522,30;
00113;"Caixa Econômica Federal ";111020004;30/05/2025;"VR.CRED.C/C RECEITA LOCAÇÃO CF.PLANILHA";397;"";128;300,00;0,00;-15825,16;-23822,30;
00113;"Caixa Econômica Federal ";111020004;30/05/2025;"VR.CRED.C/C.REF.PAGTO. JUROS E MULTA";264;"";128;103,80;0,00;-15825,16;-23926,10;
00113;"Caixa Econômica Federal ";111020004;30/05/2025;"VR.DEB.C/C RECEITA ACORDO CF.PLANILHA";00019;"";128;0,00;703,56;-15825,16;-23222,54;
00113;"Caixa Econômica Federal ";111020004;30/05/2025;"VR.DEB.C/C TARIFAS BANCARIAS CF EXTRATO";00244;"";128;0,00;956,15;-15825,16;-22266,39;
00113;"Caixa Econômica Federal ";111020004;30/05/2025;"VR. DEB. C/C REF. SUBS. FERIAS ADILSON";00190;"";128;0,00;2021,51;-15825,16;-20244,88;
00113;"Caixa Econômica Federal ";111020004;02/06/2025;"VR.DEB.C/C VT";00230;"";129;0,00;1251,20;-15825,16;-18993,68;
00113;"Caixa Econômica Federal ";111020004;02/06/2025;"VR.DEB.C/C HONORARIOS CONTABEIS N/MES";00188;"";129;0,00;2790,70;-15825,16;-16202,98;
00113;"Caixa Econômica Federal ";111020004;02/06/2025;"VR.DEB.C/C PRO-LABORE";477;"";129;0,00;3000,00;-15825,16;-13202,98;
00113;"Caixa Econômica Federal ";111020004;02/06/2025;"VR.DEB.C/C REF.PAGTO.SALARIOS N/MES";00107;"";129;0,00;10649,11;-15825,16;-2553,87;
00113;"Caixa Econômica Federal ";111020004;04/06/2025;"VR. DEB. C/C REF. GARRA DISTRIBUIDORA";00099;"";129;0,00;24,49;-15825,16;-2529,38;
00113;"Caixa Econômica Federal ";111020004;04/06/2025;"VR. DEB. C/C REF.VAREJO BLASKVICZ NF 127";00064;"";129;0,00;860,00;-15825,16;-1669,38;
00113;"Caixa Econômica Federal ";111020004;05/06/2025;"VR. DEB. C/C REF. Portão Eletronico Portaria - 3/4 - CASSIA MARIA";691;"";129;0,00;3138,75;-15825,16;1469,37;
00113;"Caixa Econômica Federal ";111020004;06/06/2025;"VR. DEB. C/C REF. BRX COMERCIO DE MINERIOS E DECORACAO LTDA NF 3.666 E 3.667";00181;"";129;0,00;278,00;-15825,16;1747,37;
00113;"Caixa Econômica Federal ";111020004;06/06/2025;"VR. DEB. C/C REF. DAM IPTU - ESPAÇO GOURMET";00132;"";129;0,00;601,18;-15825,16;2348,55;
00113;"Caixa Econômica Federal ";111020004;06/06/2025;"VR.DEB.C/C CIA BRASILEIRA SOLUCOES E SERVICOS REF.CARTAO ALIMENTACAO";00021;"";129;0,00;1856,22;-15825,16;4204,77;
00113;"Caixa Econômica Federal ";111020004;10/06/2025;"VR. DEB. C/C REF. UBER - ENVIO DE DOCUMENTOS";00208;"";129;0,00;17,03;-15825,16;4221,80;
00113;"Caixa Econômica Federal ";111020004;10/06/2025;"VR.DEB.C/C.REF.PAGTO SINDEAC PROFPS";115;"";129;0,00;84,00;-15825,16;4305,80;
00113;"Caixa Econômica Federal ";111020004;10/06/2025;"VR.DEB.C/C.REF.PAGTO. SINDEAC PAF";00035;"";129;0,00;690,20;-15825,16;4996,00;
00113;"Caixa Econômica Federal ";111020004;16/06/2025;"VR. DEB. C/C REF.DESPESAS COM COMBUSTIVEL";00090;"";129;0,00;70,00;-15825,16;5066,00;
00113;"Caixa Econômica Federal ";111020004;16/06/2025;"VR.DEB.C/C.REF. SISTEMA PONTO TANGERINO";439;"";129;0,00;71,92;-15825,16;5137,92;
00113;"Caixa Econômica Federal ";111020004;18/06/2025;"VR.DEB.C/C.REF.PAGTO VEREJO BLASKVICZ NF 129 (LIMA)";00121;"";129;0,00;18,00;-15825,16;5155,92;
00113;"Caixa Econômica Federal ";111020004;18/06/2025;"VR.DEB.C/C.REF.PAGTO VEREJO BLASKVICZ NF 130";00189;"";129;0,00;24,00;-15825,16;5179,92;
00113;"Caixa Econômica Federal ";111020004;18/06/2025;"VR.DEB.C/C.REF.PAGTO VEREJO BLASKVICZ NF 129";306;"";129;0,00;35,00;-15825,16;5214,92;
00113;"Caixa Econômica Federal ";111020004;18/06/2025;"VR.DEB.C/C.REF.PAGTO VEREJO BLASKVICZ NF 129";00189;"";129;0,00;40,50;-15825,16;5255,42;
00113;"Caixa Econômica Federal ";111020004;18/06/2025;"VR.DEB.C/C.REF.PAGTO VEREJO BLASKVICZ NF 129";516;"";129;0,00;90,00;-15825,16;5345,42;
00113;"Caixa Econômica Federal ";111020004;18/06/2025;"VR.DEB.C/C.REF.PAGTO VEREJO BLASKVICZ NF 129";00066;"";129;0,00;208,00;-15825,16;5553,42;
00113;"Caixa Econômica Federal ";111020004;20/06/2025;"VR. DEB. C/C REF.UBER E 99POP";00208;"";129;0,00;42,29;-15825,16;5595,71;
00113;"Caixa Econômica Federal ";111020004;20/06/2025;"VR. DEB. C/C REF. MARCOS VALENTIM AMORIM NF 22.477 (ALICATE)";00121;"";129;0,00;65,99;-15825,16;5661,70;
00113;"Caixa Econômica Federal ";111020004;20/06/2025;"VR. DEB. C/C REF. RESCISÃO FABIO FRANCA - DESLOCAMENTO P. RESCISAO";00126;"";129;0,00;273,60;-15825,16;5935,30;
00113;"Caixa Econômica Federal ";111020004;20/06/2025;"VR. DEB. C/C REF. ADIANTAMENTO ADILSON";00074;"";129;0,00;300,00;-15825,16;6235,30;
00113;"Caixa Econômica Federal ";111020004;20/06/2025;"VR. DEB. C/C REF. RESCISÃO FABIO FRANCA";00126;"";129;0,00;3435,57;-15825,16;9670,87;
00113;"Caixa Econômica Federal ";111020004;23/06/2025;"VR. DEB. C/C REF. ALAOR SUBS. DIA 21/06";00190;"";129;0,00;223,58;-15825,16;9894,45;
00113;"Caixa Econômica Federal ";111020004;25/06/2025;"VR.DEB.C/C TELEFONE";00209;"";129;0,00;90,62;-15825,16;9985,07;
00113;"Caixa Econômica Federal ";111020004;25/06/2025;"VR. DEB. C/C REF.REEMBOLSO COMBUSTIVEL MOTO";00201;"";129;0,00;100,00;-15825,16;10085,07;
00113;"Caixa Econômica Federal ";111020004;25/06/2025;"VR.DEB.C/C MASTER CONSULTORIOS E CONSULTORIA MED";00122;"";129;0,00;120,00;-15825,16;10205,07;
00113;"Caixa Econômica Federal ";111020004;25/06/2025;"VR.DEB.C/C CTA CEMIG N/MES";00206;"";129;0,00;124,23;-15825,16;10329,30;
00113;"Caixa Econômica Federal ";111020004;25/06/2025;"VR. DEB. C/C REF. FGTS RESCISORIO";00126;"";129;0,00;155,11;-15825,16;10484,41;
00113;"Caixa Econômica Federal ";111020004;25/06/2025;"VR.DEB.C/C PIS S/FOLHA PAGATO.";00018;"";129;0,00;156,88;-15825,16;10641,29;
00113;"Caixa Econômica Federal ";111020004;25/06/2025;"VR.DEB.C/C.REF.PAGTO SUPERMERCADOS BH";00193;"";129;0,00;166,44;-15825,16;10807,73;
00113;"Caixa Econômica Federal ";111020004;25/06/2025;"VR.DEB.C/C CTA CEMIG N/MES";00206;"";129;0,00;335,75;-15825,16;11143,48;
00113;"Caixa Econômica Federal ";111020004;25/06/2025;"VR. DEB. C/C REF. PAGTO COND21 GROUP SOFTWARE";00187;"";129;0,00;370,81;-15825,16;11514,29;
00113;"Caixa Econômica Federal ";111020004;25/06/2025;"VR. DEB. C/C REF.INSS E PIS RESCISORIO";00126;"";129;0,00;659,18;-15825,16;12173,47;
00113;"Caixa Econômica Federal ";111020004;25/06/2025;"VR.DEB.C/C FGTS MES";00114;"";129;0,00;1324,28;-15825,16;13497,75;
00113;"Caixa Econômica Federal ";111020004;25/06/2025;"VR.DEB.C/C CTA CEMIG N/MES";00206;"";129;0,00;1646,78;-15825,16;15144,53;
00113;"Caixa Econômica Federal ";111020004;25/06/2025;"VR.DEB.C/C REF.PAGATO.INSS";00112;"";129;0,00;5351,75;-15825,16;20496,28;
00113;"Caixa Econômica Federal ";111020004;26/06/2025;"VR.DEB.C/C FGTS CONSIGNADO 1/12";00114;"";129;0,00;569,41;-15825,16;21065,69;
00113;"Caixa Econômica Federal ";111020004;30/06/2025;"VR.CRED.C/C MOV.COBRANÇA CF. EXTRATO";00255;"";129;34780,00;0,00;-15825,16;-13714,31;
00113;"Caixa Econômica Federal ";111020004;30/06/2025;"VR.CRED.C/C RECEITA ACORDO CF.PLANILHA";00019;"";129;8093,75;0,00;-15825,16;-21808,06;
00113;"Caixa Econômica Federal ";111020004;30/06/2025;"VR. CRED. C/C REF. TAXA DE AGUA";00116;"";129;1727,38;0,00;-15825,16;-23535,44;
00113;"Caixa Econômica Federal ";111020004;30/06/2025;"VR.CRED.C/C.REF.PAGTO. RESERVA ESPAÇO GOURMET";397;"";129;300,00;0,00;-15825,16;-23835,44;
00113;"Caixa Econômica Federal ";111020004;30/06/2025;"VR.CRED.C/C.REF.PAGTO. JUROS E MULTA";264;"";129;97,30;0,00;-15825,16;-23932,74;
00113;"Caixa Econômica Federal ";111020004;30/06/2025;"VR.CRED.C/C.REF.PAGTO. CONTROLE DE ACESSO";00124;"";129;40,00;0,00;-15825,16;-23972,74;
00113;"Caixa Econômica Federal ";111020004;30/06/2025;"VR.DEB.C/C RECEITA ACORDO HONORARIO";00019;"";129;0,00;915,52;-15825,16;-23057,22;
00113;"Caixa Econômica Federal ";111020004;30/06/2025;"VR.DEB.C/C TARIFAS BANCARIAS CF EXTRATO";00244;"";129;0,00;917,82;-15825,16;-22139,40;
00113;"Caixa Econômica Federal ";111020004;01/07/2025;"VR.DEB.C/C VT";00230;"";130;0,00;1169,60;-15825,16;-20969,80;
00113;"Caixa Econômica Federal ";111020004;01/07/2025;"VR.DEB.C/C REF.FERIAS DE WESLLEY ADRIANO";00033;"";130;0,00;2998,56;-15825,16;-17971,24;
00113;"Caixa Econômica Federal ";111020004;01/07/2025;"VR.DEB.C/C PRO-LABORE";477;"";130;0,00;3000,00;-15825,16;-14971,24;
00113;"Caixa Econômica Federal ";111020004;01/07/2025;"VR.DEB.C/C REF.PAGTO.SALARIOS N/MES";00107;"";130;0,00;10604,68;-15825,16;-4366,56;
00113;"Caixa Econômica Federal ";111020004;02/07/2025;"VR. DEB. C/C REF.WMARUO COMERCIO DE PRODUTOS PARA NF2.983 (MERCADO LIVRE)";00181;"";130;0,00;53,50;-15825,16;-4313,06;
00113;"Caixa Econômica Federal ";111020004;02/07/2025;"VR.DEB.C/C HONORARIOS CONTABEIS N/MES";00188;"";130;0,00;2790,70;-15825,16;-1522,36;
00113;"Caixa Econômica Federal ";111020004;04/07/2025;"VR.DEB.C/C CIA BRASILEIRA SOLUCOES E SERVICOS REF.CARTAO ALIMENTACAO";00021;"";130;0,00;1546,85;-15825,16;24,49;
00113;"Caixa Econômica Federal ";111020004;04/07/2025;"VR. DEB. C/C REF.Portão Eletronico Portaria - 4/4 - CASSIA MARIA";691;"";130;0,00;3138,75;-15825,16;3163,24;
00113;"Caixa Econômica Federal ";111020004;09/07/2025;"VR. DEB. C/C REF.ABASTECIMENTO MOTO E ROÇADEIRA";00201;"";130;0,00;105,01;-15825,16;3268,25;
00113;"Caixa Econômica Federal ";111020004;10/07/2025;"VR.DEB.C/C.REF.PAGTO SINDEAC PROFPS";115;"";130;0,00;70,00;-15825,16;3338,25;
00113;"Caixa Econômica Federal ";111020004;10/07/2025;"VR.DEB.C/C.REF.PAGTO. SINDEAC PAF";00035;"";130;0,00;591,60;-15825,16;3929,85;
00113;"Caixa Econômica Federal ";111020004;11/07/2025;"VR.DEB.C/C.REF.PAGTO SUPERMERCADOS BH";00189;"";130;0,00;95,76;-15825,16;4025,61;
00113;"Caixa Econômica Federal ";111020004;15/07/2025;"VR.DEB.C/C.REF. SISTEMA PONTO TANGERINO";439;"";130;0,00;71,92;-15825,16;4097,53;
00113;"Caixa Econômica Federal ";111020004;16/07/2025;"VR. CRED. C/C REEMBOLSO ALICATE MERCADO LIVRE";600;"";130;65,99;0,00;-15825,16;4031,54;
00113;"Caixa Econômica Federal ";111020004;17/07/2025;"VR.DEB.C/C CTA CEMIG N/MES";00206;"";130;0,00;149,28;-15825,16;4180,82;
00113;"Caixa Econômica Federal ";111020004;17/07/2025;"VR. DEB. C/C REF. QUALIDADE COMERCIAL SANTOS MACIEL LTDA NF 2.079";712;"";130;0,00;205,00;-15825,16;4385,82;
00113;"Caixa Econômica Federal ";111020004;17/07/2025;"VR.DEB.C/C CTA CEMIG N/MES";00206;"";130;0,00;221,90;-15825,16;4607,72;
00113;"Caixa Econômica Federal ";111020004;17/07/2025;"VR.DEB.C/C CTA CEMIG N/MES";00206;"";130;0,00;783,17;-15825,16;5390,89;
00113;"Caixa Econômica Federal ";111020004;17/07/2025;"VR. DEB. C/C REF.FABRITELHAS NF 6.896/6.734/6.897/6.748";712;"";130;0,00;1812,70;-15825,16;7203,59;
00113;"Caixa Econômica Federal ";111020004;18/07/2025;"VR. DEB. C/C REF. ABASTECIMENTO";00201;"";130;0,00;70,00;-15825,16;7273,59;
00113;"Caixa Econômica Federal ";111020004;18/07/2025;"VR.DEB.C/C CIA BRASILEIRA SOLUCOES E SERVICOS REF.CARTAO ALIMENTACAO - CARLOS ALMEIDA";00021;"";130;0,00;110,00;-15825,16;7383,59;
00113;"Caixa Econômica Federal ";111020004;18/07/2025;"VR.DEB.C/C PIS S/FOLHA PAGATO";00018;"";130;0,00;156,14;-15825,16;7539,73;
00113;"Caixa Econômica Federal ";111020004;18/07/2025;"VR.DEB.C/C VT - CARLOS ALMEIDA";00230;"";130;0,00;163,20;-15825,16;7702,93;
00113;"Caixa Econômica Federal ";111020004;18/07/2025;"VR. DEB. C/C REF.MULTI FORMATO DISTRIBUIDORA";00193;"";130;0,00;175,72;-15825,16;7878,65;
00113;"Caixa Econômica Federal ";111020004;18/07/2025;"VR.DEB.C/C FGTS MES";00114;"";130;0,00;1663,43;-15825,16;9542,08;
00113;"Caixa Econômica Federal ";111020004;18/07/2025;"VR.DEB.C/C REF.PAGATO.INSS";00112;"";130;0,00;5270,00;-15825,16;14812,08;
00113;"Caixa Econômica Federal ";111020004;22/07/2025;"VR. DEB. C/C REF. MARSELHA PLACAS 1/2";712;"";130;0,00;1540,00;-15825,16;16352,08;
00113;"Caixa Econômica Federal ";111020004;23/07/2025;"VR.DEB.C/C VT - EXAME PERIODICO ADILSON";00230;"";130;0,00;46,15;-15825,16;16398,23;
00113;"Caixa Econômica Federal ";111020004;24/07/2025;"VR.DEB.C/C.REF.PAGTO VEREJO BLASKVICZ NF 131";00189;"";130;0,00;25,00;-15825,16;16423,23;
00113;"Caixa Econômica Federal ";111020004;24/07/2025;"VR.DEB.C/C.REF.PAGTO VEREJO BLASKVICZ NF 131";00066;"";130;0,00;35,00;-15825,16;16458,23;
00113;"Caixa Econômica Federal ";111020004;24/07/2025;"VR.DEB.C/C.REF.PAGTO VEREJO BLASKVICZ NF 131";00181;"";130;0,00;57,00;-15825,16;16515,23;
00113;"Caixa Econômica Federal ";111020004;24/07/2025;"VR.DEB.C/C.REF.PAGTO VEREJO BLASKVICZ NF 131";00144;"";130;0,00;172,00;-15825,16;16687,23;
00113;"Caixa Econômica Federal ";111020004;25/07/2025;"VR.DEB.C/C MASTER CONSULTORIOS E CONSULTORIA MED";00122;"";130;0,00;120,00;-15825,16;16807,23;
00113;"Caixa Econômica Federal ";111020004;25/07/2025;"VR. DEB. C/C REF. ADMISSÃO FUNC - CARLOS ALMEIDA";00208;"";130;0,00;239,00;-15825,16;17046,23;
00113;"Caixa Econômica Federal ";111020004;25/07/2025;"VR. DEB. C/C REF. PAGTO COND21 GROUP SOFTWARE";00187;"";130;0,00;370,81;-15825,16;17417,04;
00113;"Caixa Econômica Federal ";111020004;28/07/2025;"VR.DEB.C/C VT. CARLOS ALMEIDA - EXAME ADM";00230;"";130;0,00;30,00;-15825,16;17447,04;
00113;"Caixa Econômica Federal ";111020004;28/07/2025;"VR.DEB.C/C TELEFONE";00209;"";130;0,00;90,62;-15825,16;17537,66;
00113;"Caixa Econômica Federal ";111020004;29/07/2025;"VR. DEB. C/C REF. LOJAO DO REAL";00189;"";130;0,00;25,00;-15825,16;17562,66;
00113;"Caixa Econômica Federal ";111020004;31/07/2025;"VR.CRED.C/C MOV.COBRANÇA CF. EXTRATO";00255;"";130;35485,00;0,00;-15825,16;-17922,34;
00113;"Caixa Econômica Federal ";111020004;31/07/2025;"VR.CRED.C/C RECEITA ACORDO CF.PLANILHA";00019;"";130;6105,19;0,00;-15825,16;-24027,53;
00113;"Caixa Econômica Federal ";111020004;31/07/2025;"VR. CRED. C/C REF. TAXA DE AGUA";00116;"";130;2044,57;0,00;-15825,16;-26072,10;
00113;"Caixa Econômica Federal ";111020004;31/07/2025;"VR.CRED.C/C RECEITA CONTROLE DE ACESSO";00124;"";130;120,00;0,00;-15825,16;-26192,10;
00113;"Caixa Econômica Federal ";111020004;31/07/2025;"VR.CRED.C/C.REF.PAGTO. JUROS E MULTA";264;"";130;115,13;0,00;-15825,16;-26307,23;
00113;"Caixa Econômica Federal ";111020004;31/07/2025;"VR.DEB.C/C RECEITA ACORDO CF.PLANILHA";00019;"";130;0,00;637,52;-15825,16;-25669,71;
00113;"Caixa Econômica Federal ";111020004;31/07/2025;"VR.DEB.C/C TARIFAS BANCARIAS CF EXTRATO";00244;"";130;0,00;950,54;-15825,16;-24719,17;
348;"Aplicação Caixa Econômica Federal";111030005;31/01/2025;"VR.CRED.C/C REND.APLICAÇAO FINANCEIRA CF EXTRATO";00267;"";124;907,44;0,00;-100497,20;-101404,64;
348;"Aplicação Caixa Econômica Federal";111030005;31/01/2025;"VR.DEB.C/C.REF.RESTAGE CDB";00098;"";124;0,00;8,81;-100497,20;-101395,83;
348;"Aplicação Caixa Econômica Federal";111030005;31/01/2025;"VR.CRED.C/C.REF.RESTAGE CDB";00113;"";124;0,00;1838,52;-100497,20;-99557,31;
348;"Aplicação Caixa Econômica Federal";111030005;05/02/2025;"VR.CRED.C/C.REF.RESTAGE CDB";00113;"";125;0,00;2751,68;-100497,20;-96805,63;
348;"Aplicação Caixa Econômica Federal";111030005;07/02/2025;"VR.CRED.C/C.REF.RESTAGE CDB";00113;"";125;0,00;180,33;-100497,20;-96625,30;
348;"Aplicação Caixa Econômica Federal";111030005;28/02/2025;"VR.CRED.C/C REND.APLICAÇAO FINANCEIRA CF EXTRATO";00267;"";125;847,79;0,00;-100497,20;-97473,09;
348;"Aplicação Caixa Econômica Federal";111030005;28/02/2025;"VR.DEB.APLICAÇÃO TARIFAS BANCARIAS CF EXTRATO";00098;"";125;0,00;18,29;-100497,20;-97454,80;
348;"Aplicação Caixa Econômica Federal";111030005;05/03/2025;"VR.CRED.C/C.REF.RESTAGE CDB";00113;"";126;0,00;18958,07;-100497,20;-78496,73;
348;"Aplicação Caixa Econômica Federal";111030005;06/03/2025;"VR.CRED.C/C.REF.RESTAGE CDB";00113;"";126;0,00;202,32;-100497,20;-78294,41;
348;"Aplicação Caixa Econômica Federal";111030005;11/03/2025;"VR.CRED.C/C.REF.RESTAGE CDB";00113;"";126;0,00;1909,16;-100497,20;-76385,25;
348;"Aplicação Caixa Econômica Federal";111030005;21/03/2025;"VR. DEB. C/C REF. APLICAÇÃO";00113;"";126;23000,00;0,00;-100497,20;-99385,25;
348;"Aplicação Caixa Econômica Federal";111030005;27/03/2025;"VR.CRED.C/C.REF.RESTAGE CDB";00113;"";126;0,00;1052,06;-100497,20;-98333,19;
348;"Aplicação Caixa Econômica Federal";111030005;28/03/2025;"VR.CRED.C/C.REF.RESTAGE CDB";00113;"";126;0,00;1055,05;-100497,20;-97278,14;
348;"Aplicação Caixa Econômica Federal";111030005;31/03/2025;"VR.CRED.C/C REND.APLICAÇAO FINANCEIRA CF EXTRATO";00267;"";126;724,66;0,00;-100497,20;-98002,80;
348;"Aplicação Caixa Econômica Federal";111030005;31/03/2025;"VR.DEB.C/C TARIFAS BANCARIAS CF EXTRATO";00098;"";126;0,00;211,74;-100497,20;-97791,06;
348;"Aplicação Caixa Econômica Federal";111030005;31/03/2025;"VR.CRED.C/C.REF.RESTAGE CDB SEGURO MOTO";00113;"";126;0,00;3684,47;-100497,20;-94106,59;
348;"Aplicação Caixa Econômica Federal";111030005;01/04/2025;"VR.CRED.C/C.REF.RESTAGE CDB";00113;"";127;0,00;15679,31;-100497,20;-78427,28;
348;"Aplicação Caixa Econômica Federal";111030005;07/04/2025;"VR.CRED.C/C.REF.RESTAGE CDB";00113;"";127;0,00;904,60;-100497,20;-77522,68;
348;"Aplicação Caixa Econômica Federal";111030005;30/04/2025;"VR.CRED.C/C REND.APLICAÇAO FINANCEIRA CF EXTRATO";00267;"";127;733,92;0,00;-100497,20;-78256,60;
348;"Aplicação Caixa Econômica Federal";111030005;30/04/2025;"VR.DEB.C/C TARIFAS BANCARIAS CF EXTRATO";00098;"";127;0,00;147,33;-100497,20;-78109,27;
348;"Aplicação Caixa Econômica Federal";111030005;05/05/2025;"VR.CRED.C/C.REF.RESTAGE CDB";00113;"";128;0,00;4500,25;-100497,20;-73609,02;
348;"Aplicação Caixa Econômica Federal";111030005;30/05/2025;"VR.CRED.C/C REND.APLICAÇAO FINANCEIRA CF EXTRATO";00267;"";128;755,32;0,00;-100497,20;-74364,34;
348;"Aplicação Caixa Econômica Federal";111030005;30/05/2025;"VR.DEB.C/C TARIFAS BANCARIAS CF EXTRATO";00098;"";128;0,00;519,56;-100497,20;-73844,78;
348;"Aplicação Caixa Econômica Federal";111030005;30/06/2025;"VR.CRED.C/C REND.APLICAÇAO FINANCEIRA CF EXTRATO";00267;"";129;728,51;0,00;-100497,20;-74573,29;
348;"Aplicação Caixa Econômica Federal";111030005;31/07/2025;"VR.CRED.C/C REND.APLICAÇAO FINANCEIRA CF EXTRATO";00267;"";130;859,47;0,00;-100497,20;-75432,76;
00033;"Adiantamento de Ferias";112040001;08/01/2025;"VR.DEB.C/C REF.FERIAS DE WESLEY ADRIANO";00113;"";124;2483,84;0,00;-3036,51;-5520,35;
00033;"Adiantamento de Ferias";112040001;03/02/2025;"VR.DEB.C/C REF.FERIAS HUDSON";00113;"";125;3311,89;0,00;-3036,51;-8832,24;
00033;"Adiantamento de Ferias";112040001;28/02/2025;"VR.DEB.C/C REF.FERIAS LUIS F";00113;"";125;3242,24;0,00;-3036,51;-12074,48;
00033;"Adiantamento de Ferias";112040001;27/03/2025;"VR.DEB.C/C REF.FERIAS SANDRO ALVES";00113;"";126;2659,63;0,00;-3036,51;-14734,11;
00033;"Adiantamento de Ferias";112040001;29/04/2025;"VR.DEB.C/C REF.FERIAS ADILSON";00113;"";127;2708,05;0,00;-3036,51;-17442,16;
00033;"Adiantamento de Ferias";112040001;01/07/2025;"VR.DEB.C/C REF.FERIAS DE WESLLEY ADRIANO";00113;"";130;2998,56;0,00;-3036,51;-20440,72;
00074;"Adiantamento de Salarios";112040003;08/05/2025;"VR. DEB. C/C REF. ADIANTAMENTO SALARIO WESLLEY";00113;"";128;600,00;0,00;0,00;-600,00;
00074;"Adiantamento de Salarios";112040003;08/05/2025;"VR. DEB. C/C REF.ADIANTAMENTO SALARIO WESLLEY";00113;"";128;400,00;0,00;0,00;-1000,00;
00074;"Adiantamento de Salarios";112040003;20/06/2025;"VR. DEB. C/C REF. ADIANTAMENTO ADILSON";00113;"";129;300,00;0,00;0,00;-1300,00;
00064;"Aparelhos Celulares";132010009;04/06/2025;"VR. DEB. C/C REF.VAREJO BLASKVICZ NF 127";00113;"";129;860,00;0,00;-1476,00;-2336,00;
523;"Moveis e Utensilios - Portaria ";132010020;06/01/2025;"VR. DEB. C/C REF.JOSE MARINHO DA PAZ NF 42";00113;"";124;438,00;0,00;-4237,29;-4675,29;
691;"Portão de acesso";132010022;09/04/2025;"VR. DEB. C/C REF. Portão Eletronico Portaria - 1/4 - CASSIA MARIA NFS-E 69";00113;"";127;3138,75;0,00;0,00;-3138,75;
691;"Portão de acesso";132010022;05/05/2025;"VR. DEB. C/C REF.Portão Eletronico Portaria - 2/4 - CASSIA MARIA";00113;"";128;3138,75;0,00;0,00;-6277,50;
691;"Portão de acesso";132010022;05/06/2025;"VR. DEB. C/C REF. Portão Eletronico Portaria - 3/4 - CASSIA MARIA";00113;"";129;3138,75;0,00;0,00;-9416,25;
691;"Portão de acesso";132010022;04/07/2025;"VR. DEB. C/C REF.Portão Eletronico Portaria - 4/4 - CASSIA MARIA";00113;"";130;3138,75;0,00;0,00;-12555,00;
712;"Postes e Placas de Sinalização";132010024;17/07/2025;"VR. DEB. C/C REF.FABRITELHAS NF 6.896/6.734/6.897/6.748";00113;"";130;1812,70;0,00;0,00;-1812,70;
712;"Postes e Placas de Sinalização";132010024;17/07/2025;"VR. DEB. C/C REF. QUALIDADE COMERCIAL SANTOS MACIEL LTDA NF 2.079";00113;"";130;205,00;0,00;0,00;-2017,70;
712;"Postes e Placas de Sinalização";132010024;22/07/2025;"VR. DEB. C/C REF. MARSELHA PLACAS 1/2";00113;"";130;1540,00;0,00;0,00;-3557,70;
00107;"Salario a Pagar";211020002;06/01/2025;"VR.DEB.C/C REF.PAGTO.SALARIOS N/MES";00113;"";124;13208,75;0,00;12059,92;-1148,83;
00107;"Salario a Pagar";211020002;05/02/2025;"VR.DEB.C/C REF.PAGTO.SALARIOS N/MES";00113;"";125;11406,19;0,00;12059,92;-12555,02;
00107;"Salario a Pagar";211020002;05/03/2025;"VR.DEB.C/C REF.PAGTO.SALARIOS N/MES";00113;"";126;11399,06;0,00;12059,92;-23954,08;
00107;"Salario a Pagar";211020002;01/04/2025;"VR.DEB.C/C REF.PAGTO.SALARIOS N/MES";00113;"";127;11501,21;0,00;12059,92;-35455,29;
00107;"Salario a Pagar";211020002;02/05/2025;"VR.DEB.C/C REF.PAGTO.SALARIOS N/MES";00113;"";128;11737,75;0,00;12059,92;-47193,04;
00107;"Salario a Pagar";211020002;02/06/2025;"VR.DEB.C/C REF.PAGTO.SALARIOS N/MES";00113;"";129;10649,11;0,00;12059,92;-57842,15;
00107;"Salario a Pagar";211020002;01/07/2025;"VR.DEB.C/C REF.PAGTO.SALARIOS N/MES";00113;"";130;10604,68;0,00;12059,92;-68446,83;
00018;"Pis s/Folha de Pagamento";211030009;20/01/2025;"VR.DEB.C/C PIS S/FOLHA PAGATO.";00113;"";124;152,75;0,00;152,76;0,01;
00018;"Pis s/Folha de Pagamento";211030009;19/02/2025;"VR.DEB.C/C PIS S/FOLHA PAGATO.";00113;"";125;158,53;0,00;152,76;-158,52;
00018;"Pis s/Folha de Pagamento";211030009;11/03/2025;"VR.DEB.C/C PIS S/FOLHA PAGATO.";00113;"";126;167,31;0,00;152,76;-325,83;
00018;"Pis s/Folha de Pagamento";211030009;16/04/2025;"VR.DEB.C/C PIS S/FOLHA PAGATO.";00113;"";127;171,31;0,00;152,76;-497,14;
00018;"Pis s/Folha de Pagamento";211030009;20/05/2025;"VR.DEB.C/C PIS S/FOLHA PAGATO.";00113;"";128;165,20;0,00;152,76;-662,34;
00018;"Pis s/Folha de Pagamento";211030009;25/06/2025;"VR.DEB.C/C PIS S/FOLHA PAGATO.";00113;"";129;156,88;0,00;152,76;-819,22;
00018;"Pis s/Folha de Pagamento";211030009;18/07/2025;"VR.DEB.C/C PIS S/FOLHA PAGATO";00113;"";130;156,14;0,00;152,76;-975,36;
00023;"IRRF";211030010;20/01/2025;"VR.DESC.IRRF S/SALARIOS N/MES.";00113;"";124;20,75;0,00;20,75;0,00;
00023;"IRRF";211030010;19/02/2025;"VR.DESC.IRRF S/SALARIOS N/MES.";00113;"";125;93,23;0,00;20,75;-93,23;
00023;"IRRF";211030010;11/03/2025;"VR.DESC.IRRF S/SALARIOS N/MES.";00113;"";126;80,12;0,00;20,75;-173,35;
00112;"INSS a Pagar";211040001;20/01/2025;"VR.DEB.C/C REF.PAGATO.INSS";00113;"";124;5175,71;0,00;5175,71;0,00;
00112;"INSS a Pagar";211040001;19/02/2025;"VR.DEB.C/C REF.PAGATO.INSS";00113;"";125;5365,92;0,00;5175,71;-5365,92;
00112;"INSS a Pagar";211040001;11/03/2025;"VR.DEB.C/C REF.PAGATO.INSS";00113;"";126;5674,45;0,00;5175,71;-11040,37;
00112;"INSS a Pagar";211040001;16/04/2025;"VR.DEB.C/C REF.PAGATO.INSS";00113;"";127;5816,74;0,00;5175,71;-16857,11;
00112;"INSS a Pagar";211040001;20/05/2025;"VR.DEB.C/C REF.PAGATO.INSS";00113;"";128;5589,38;0,00;5175,71;-22446,49;
00112;"INSS a Pagar";211040001;25/06/2025;"VR.DEB.C/C REF.PAGATO.INSS";00113;"";129;5351,75;0,00;5175,71;-27798,24;
00112;"INSS a Pagar";211040001;18/07/2025;"VR.DEB.C/C REF.PAGATO.INSS";00113;"";130;5270,00;0,00;5175,71;-33068,24;
00114;"FGTS a Pagar";211040003;08/01/2025;"VR.DEB.C/C FGTS MES 13/2024";00113;"";124;543,54;0,00;1765,48;1221,94;
00114;"FGTS a Pagar";211040003;14/01/2025;"VR.DEB.C/C FGTS MES";00113;"";124;1221,94;0,00;1765,48;0,00;
00114;"FGTS a Pagar";211040003;07/02/2025;"VR.DEB.C/C FGTS MES";00113;"";125;1268,22;0,00;1765,48;-1268,22;
00114;"FGTS a Pagar";211040003;11/03/2025;"VR.DEB.C/C FGTS MES";00113;"";126;1338,48;0,00;1765,48;-2606,70;
00114;"FGTS a Pagar";211040003;14/04/2025;"VR.DEB.C/C FGTS MES";00113;"";127;1370,49;0,00;1765,48;-3977,19;
00114;"FGTS a Pagar";211040003;20/05/2025;"VR.DEB.C/C FGTS MES";00113;"";128;1321,59;0,00;1765,48;-5298,78;
00114;"FGTS a Pagar";211040003;25/06/2025;"VR.DEB.C/C FGTS MES";00113;"";129;1324,28;0,00;1765,48;-6623,06;
00114;"FGTS a Pagar";211040003;26/06/2025;"VR.DEB.C/C FGTS CONSIGNADO 1/12";00113;"";129;569,41;0,00;1765,48;-7192,47;
00114;"FGTS a Pagar";211040003;18/07/2025;"VR.DEB.C/C FGTS MES";00113;"";130;1663,43;0,00;1765,48;-8855,90;
00181;"Conservacao e Manutencao";313010004;06/01/2025;"VR. DEB. C/C REF. MULTICAZ COMERCIO VAREJISTA LTDA NF 34.229 / IBITEXENXOVAIS LTDA NF 417.672";00113;"";124;190,87;0,00;-14285,06;-14475,93;
00181;"Conservacao e Manutencao";313010004;13/01/2025;"VR. DEB. C/C REF. MINAS TEXTURAS / LEONARDO RANGEL AMARAL GONCALVES LTDA NF 310";00113;"";124;824,90;0,00;-14285,06;-15300,83;
00181;"Conservacao e Manutencao";313010004;16/01/2025;"VR. DEB. C/C REF. REPARO DANO ESTRUTURAL MURO - WEVERTON COSME 1/2";00113;"";124;900,00;0,00;-14285,06;-16200,83;
00181;"Conservacao e Manutencao";313010004;17/01/2025;"VR. DEB. C/C REF. MINAS TEXTUAS LEONARDO RANGEL AMARAL GONCALVES LTDA NF 321";00113;"";124;472,45;0,00;-14285,06;-16673,28;
00181;"Conservacao e Manutencao";313010004;21/01/2025;"VR. DEB. C/C REF. REPARO DANO ESTRUTURAL MURO - WEVERTON COSME 2/2";00113;"";124;900,00;0,00;-14285,06;-17573,28;
00181;"Conservacao e Manutencao";313010004;14/02/2025;"VR. DEB. C/C REF. AXF MATERIAIS DE CONSTRUÇÃO ALMEIDA ACABAMENTOS NF 1248";00113;"";125;66,00;0,00;-14285,06;-17639,28;
00181;"Conservacao e Manutencao";313010004;17/02/2025;"VR. DEB. C/C REF. REAL COMERCIO LTDA NF 113308";00113;"";125;420,86;0,00;-14285,06;-18060,14;
00181;"Conservacao e Manutencao";313010004;24/02/2025;"VR. DEB. C/C REF. LERROY MERLIN";00113;"";125;42,78;0,00;-14285,06;-18102,92;
00181;"Conservacao e Manutencao";313010004;10/03/2025;"VR. DEB. C/C REF. CASA VERMELHA TREM DE TUDO, N. 35840";00113;"";126;45,50;0,00;-14285,06;-18148,42;
00181;"Conservacao e Manutencao";313010004;15/05/2025;"VR. DEB. C/C REF.ALMEIDA ACABAMENTOS";00113;"";128;66,54;0,00;-14285,06;-18214,96;
00181;"Conservacao e Manutencao";313010004;23/05/2025;"VR.DEB.C/C.REF.PAGTO VEREJO BLASKVICZ NF 25";00113;"";128;11,00;0,00;-14285,06;-18225,96;
00181;"Conservacao e Manutencao";313010004;06/06/2025;"VR. DEB. C/C REF. BRX COMERCIO DE MINERIOS E DECORACAO LTDA NF 3.666 E 3.667";00113;"";129;278,00;0,00;-14285,06;-18503,96;
00181;"Conservacao e Manutencao";313010004;02/07/2025;"VR. DEB. C/C REF.WMARUO COMERCIO DE PRODUTOS PARA NF2.983 (MERCADO LIVRE)";00113;"";130;53,50;0,00;-14285,06;-18557,46;
00181;"Conservacao e Manutencao";313010004;24/07/2025;"VR.DEB.C/C.REF.PAGTO VEREJO BLASKVICZ NF 131";00113;"";130;57,00;0,00;-14285,06;-18614,46;
00182;"Correio";313010005;09/01/2025;"VR. DEB. C/C REF.CORREIO";00113;"";124;73,20;0,00;-1834,95;-1908,15;
00186;"Material de Construçao";313010009;27/01/2025;"VR. DEB. C/C REF. AXF MATERIAIS DE CONSTRUÇÃO LTDA NF 1.220";00113;"";124;357,50;0,00;-942,40;-1299,90;
00186;"Material de Construçao";313010009;05/03/2025;"VR. DEB. C/C REF.AXF MATERIAIS DE CONSTRUÇÃO LTDA NF 1271";00113;"";126;1158,60;0,00;-942,40;-2458,50;
00186;"Material de Construçao";313010009;11/03/2025;"VR. DEB. C/C REF.AXF MATERIAS DE CONSTRUÇÃO LTDA NF 1278";00113;"";126;429,00;0,00;-942,40;-2887,50;
00186;"Material de Construçao";313010009;12/03/2025;"VR. DEB. C/C REF. FABRITELHAS INDUSTRIA COMERCIO E SERVIÇOS LTDA NF 5.158";00113;"";126;2842,08;0,00;-942,40;-5729,58;
00186;"Material de Construçao";313010009;31/03/2025;"VR. DEB. C/C REF. PH SERRALHEIRO N. 6";00113;"";126;2000,00;0,00;-942,40;-7729,58;
00187;"Sistema Interno Cond 21";313010010;27/01/2025;"VR. DEB. C/C REF. PAGTO GROUP COM";00113;"";124;340,85;0,00;-8160,04;-8500,89;
00187;"Sistema Interno Cond 21";313010010;25/02/2025;"VR. DEB. C/C REF. PAGTO COND21 GROUP SOFTWARE";00113;"";125;340,85;0,00;-8160,04;-8841,74;
00187;"Sistema Interno Cond 21";313010010;25/03/2025;"VR. DEB. C/C REF. PAGTO COND21";00113;"";126;340,85;0,00;-8160,04;-9182,59;
00187;"Sistema Interno Cond 21";313010010;25/04/2025;"VR. DEB. C/C REF. PAGTO COND21 GROUP SOFTWARE";00113;"";127;340,85;0,00;-8160,04;-9523,44;
00187;"Sistema Interno Cond 21";313010010;26/05/2025;"VR. DEB. C/C REF. PAGTO COND21 GROUP SOFTWARE";00113;"";128;391,02;0,00;-8160,04;-9914,46;
00187;"Sistema Interno Cond 21";313010010;25/06/2025;"VR. DEB. C/C REF. PAGTO COND21 GROUP SOFTWARE";00113;"";129;370,81;0,00;-8160,04;-10285,27;
00187;"Sistema Interno Cond 21";313010010;25/07/2025;"VR. DEB. C/C REF. PAGTO COND21 GROUP SOFTWARE";00113;"";130;370,81;0,00;-8160,04;-10656,08;
00188;"Honorarios Contabeis";313010011;07/01/2025;"VR.DEB.C/C HONORARIOS CONTABEIS N/MES";00113;"";124;2596,00;0,00;-59940,00;-62536,00;
00188;"Honorarios Contabeis";313010011;04/02/2025;"VR.DEB.C/C HONORARIOS CONTABEIS N/MES";00113;"";125;2790,70;0,00;-59940,00;-65326,70;
00188;"Honorarios Contabeis";313010011;05/03/2025;"VR.DEB.C/C HONORARIOS CONTABEIS N/MES";00113;"";126;2790,70;0,00;-59940,00;-68117,40;
00188;"Honorarios Contabeis";313010011;04/04/2025;"VR.DEB.C/C HONORARIOS CONTABEIS N/MES";00113;"";127;2790,70;0,00;-59940,00;-70908,10;
00188;"Honorarios Contabeis";313010011;05/05/2025;"VR.DEB.C/C HONORARIOS CONTABEIS N/MES";00113;"";128;2790,70;0,00;-59940,00;-73698,80;
00188;"Honorarios Contabeis";313010011;02/06/2025;"VR.DEB.C/C HONORARIOS CONTABEIS N/MES";00113;"";129;2790,70;0,00;-59940,00;-76489,50;
00188;"Honorarios Contabeis";313010011;02/07/2025;"VR.DEB.C/C HONORARIOS CONTABEIS N/MES";00113;"";130;2790,70;0,00;-59940,00;-79280,20;
00189;"Material de limpeza";313010012;07/01/2025;"VR.DEB.C/C.REF.PAGTO SUPERMERCADO APOIO MINEIRO";00113;"";124;144,04;0,00;-3681,38;-3825,42;
00189;"Material de limpeza";313010012;07/01/2025;"VR. DEB. C/C REF.GARRA DISTRIBUIDORA NF 5324";00113;"";124;59,43;0,00;-3681,38;-3884,85;
00189;"Material de limpeza";313010012;30/01/2025;"VR. DEB. C/C REF. DJ DE OLIVEIRA DISTRIBUIDORA NF 102.257";00113;"";124;70,44;0,00;-3681,38;-3955,29;
00189;"Material de limpeza";313010012;03/02/2025;"VR. DEB. C/C REF.EMBRASIL COMERCIO E IMPORTAÇÃO LTDA";00113;"";125;51,60;0,00;-3681,38;-4006,89;
00189;"Material de limpeza";313010012;06/02/2025;"VR. DEB. C/C REF.GARRA DISTRIBUIDORA";00113;"";125;83,34;0,00;-3681,38;-4090,23;
00189;"Material de limpeza";313010012;06/02/2025;"VR.DEB.C/C.REF.PAGTO SUPERMERCADO APOIO MINEIRO";00113;"";125;50,87;0,00;-3681,38;-4141,10;
00189;"Material de limpeza";313010012;07/02/2025;"VR. DEB. C/C REF. AXF MATERIAIS DE CONSTRUÇÃO LTDA NF 1240";00113;"";125;33,90;0,00;-3681,38;-4175,00;
00189;"Material de limpeza";313010012;24/03/2025;"VR.DEB.C/C.REF.PAGTO SUPERMERCADOS BH";00113;"";126;51,78;0,00;-3681,38;-4226,78;
00189;"Material de limpeza";313010012;24/03/2025;"VR.DEB.C/C.REF.PAGTO VEREJO BLASKVICZ NF 123";00113;"";126;31,00;0,00;-3681,38;-4257,78;
00189;"Material de limpeza";313010012;29/04/2025;"VR.DEB.C/C.REF.PAGTO SUPERMERCADOS BH";00113;"";127;41,90;0,00;-3681,38;-4299,68;
00189;"Material de limpeza";313010012;08/05/2025;"VR. DEB. C/C REF. GARRA COMERCIO LTDA NF 5606";00113;"";128;48,80;0,00;-3681,38;-4348,48;
00189;"Material de limpeza";313010012;09/05/2025;"VR.DEB.C/C.REF.PAGTO SUPERMERCADO APOIO MINEIRO";00113;"";128;259,21;0,00;-3681,38;-4607,69;
00189;"Material de limpeza";313010012;18/06/2025;"VR.DEB.C/C.REF.PAGTO VEREJO BLASKVICZ NF 129";00113;"";129;40,50;0,00;-3681,38;-4648,19;
00189;"Material de limpeza";313010012;18/06/2025;"VR.DEB.C/C.REF.PAGTO VEREJO BLASKVICZ NF 130";00113;"";129;24,00;0,00;-3681,38;-4672,19;
00189;"Material de limpeza";313010012;11/07/2025;"VR.DEB.C/C.REF.PAGTO SUPERMERCADOS BH";00113;"";130;95,76;0,00;-3681,38;-4767,95;
00189;"Material de limpeza";313010012;24/07/2025;"VR.DEB.C/C.REF.PAGTO VEREJO BLASKVICZ NF 131";00113;"";130;25,00;0,00;-3681,38;-4792,95;
00189;"Material de limpeza";313010012;29/07/2025;"VR. DEB. C/C REF. LOJAO DO REAL";00113;"";130;25,00;0,00;-3681,38;-4817,95;
00193;"Lanches e Refeicoes";313010016;30/01/2025;"VR. DEB. C/C REF. MEU PRATA SUPERMERCADOS EIRELI";00113;"";124;177,90;0,00;-2941,06;-3118,96;
00193;"Lanches e Refeicoes";313010016;14/02/2025;"VR. DEB. C/C REF.ALMOCO DCJ";00113;"";125;259,00;0,00;-2941,06;-3377,96;
00193;"Lanches e Refeicoes";313010016;28/02/2025;"VR. DEB. C/C REF. ALIMENTACAO DCJ";00113;"";125;259,00;0,00;-2941,06;-3636,96;
00193;"Lanches e Refeicoes";313010016;05/03/2025;"VR.DEB.C/C.REF.PAGTO SUPERMERCADOS BH";00113;"";126;194,66;0,00;-2941,06;-3831,62;
00193;"Lanches e Refeicoes";313010016;24/03/2025;"VR. DEB. C/C REF. COMERCIAL SERRA DO CIPO";00113;"";126;59,67;0,00;-2941,06;-3891,29;
00193;"Lanches e Refeicoes";313010016;24/03/2025;"VR. DEB. C/C REF. EMPORIO TREVO";00113;"";126;21,00;0,00;-2941,06;-3912,29;
00193;"Lanches e Refeicoes";313010016;31/03/2025;"VR.DEB.C/C.REF.PAGTO SUPERMERCADO APOIO MINEIRO";00113;"";126;157,44;0,00;-2941,06;-4069,73;
00193;"Lanches e Refeicoes";313010016;29/04/2025;"VR.DEB.C/C.REF.PAGTO SUPERMERCADOS BH";00113;"";127;166,36;0,00;-2941,06;-4236,09;
00193;"Lanches e Refeicoes";313010016;26/05/2025;"VR.DEB.C/C.REF.PAGTO SUPERMERCADOS BH";00113;"";128;172,38;0,00;-2941,06;-4408,47;
00193;"Lanches e Refeicoes";313010016;25/06/2025;"VR.DEB.C/C.REF.PAGTO SUPERMERCADOS BH";00113;"";129;166,44;0,00;-2941,06;-4574,91;
00193;"Lanches e Refeicoes";313010016;18/07/2025;"VR. DEB. C/C REF.MULTI FORMATO DISTRIBUIDORA";00113;"";130;175,72;0,00;-2941,06;-4750,63;
00194;"Locaçao de Equipamentos/ Veiculos";313010017;24/02/2025;"VR. DEB. C/C REF. LOCAMONTE FL-116776";00113;"";125;235,00;0,00;-180,00;-415,00;
00194;"Locaçao de Equipamentos/ Veiculos";313010017;26/02/2025;"VR. DEB. C/C REF. LOC JABO";00113;"";125;100,00;0,00;-180,00;-515,00;
00194;"Locaçao de Equipamentos/ Veiculos";313010017;28/02/2025;"VR. DEB. C/C REF.LOCAMONTE FL-116883";00113;"";125;300,00;0,00;-180,00;-815,00;
00194;"Locaçao de Equipamentos/ Veiculos";313010017;28/04/2025;"VR.PAGTO. N/CH  REF. HUGO VERNEK XAVIER NF 20250000000000018 - CAÇAMBA";00113;"";127;500,00;0,00;-180,00;-1315,00;
00196;"Reembolso de Quilometragem";313010019;11/03/2025;"VR. DEB. C/C REF. ADEC ENTREGA LIVROS CONTABEIS 2019/2020/2021/2022/2023/2024";00113;"";126;273,60;0,00;-3745,48;-4019,08;
00197;"Despesas c/ Servicos Terceiros (PJ)";313010020;08/04/2025;"VR. DEB. C/C REF.SERVIÇOS ADM AMBIENTAIS - NSF-E 77 - Luciana da Silva";00113;"";127;250,00;0,00;-4019,98;-4269,98;
00201;"Combustivel/Lubrificantes/Troca Oleo ";313010024;07/01/2025;"VR. DEB. C/C REF. CARVALHO ENGENHARIA LTDA";00113;"";124;120,00;0,00;-2553,79;-2673,79;
00201;"Combustivel/Lubrificantes/Troca Oleo ";313010024;08/01/2025;"VR. DEB. C/C REF. PETRO SERRA AUTO POSTO LTDA";00113;"";124;82,88;0,00;-2553,79;-2756,67;
00201;"Combustivel/Lubrificantes/Troca Oleo ";313010024;10/01/2025;"VR. DEB. C/C REF. SANTO POSTO LAGOA SANTA - COMERCIO DE COMBUSTIVEIS LTDA";00113;"";124;100,00;0,00;-2553,79;-2856,67;
00201;"Combustivel/Lubrificantes/Troca Oleo ";313010024;11/02/2025;"VR. DEB. C/C REF. ABASTECIMENTO MOTO COND. REEMBOLSO WESLLEY";00113;"";125;80,21;0,00;-2553,79;-2936,88;
00201;"Combustivel/Lubrificantes/Troca Oleo ";313010024;24/02/2025;"VR. DEB. C/C REF. POSTO ATP LTDA";00113;"";125;98,35;0,00;-2553,79;-3035,23;
00201;"Combustivel/Lubrificantes/Troca Oleo ";313010024;25/02/2025;"VR. DEB. C/C REF.REEMBOLSO WESLLEY ABASTECIMENTO MOTO COND";00113;"";125;34,99;0,00;-2553,79;-3070,22;
00201;"Combustivel/Lubrificantes/Troca Oleo ";313010024;26/02/2025;"VR. DEB. C/C REF. REEMBOLSO WESLLEY COMBUSTIVEL";00113;"";125;60,00;0,00;-2553,79;-3130,22;
00201;"Combustivel/Lubrificantes/Troca Oleo ";313010024;18/03/2025;"VR. DEB. C/C REF.REEMBOLSO WESLLEY ABASTECIMENTO";00113;"";126;80,00;0,00;-2553,79;-3210,22;
00201;"Combustivel/Lubrificantes/Troca Oleo ";313010024;21/03/2025;"VR. DEB. C/C REF.ABASTECIMENTO";00113;"";126;120,00;0,00;-2553,79;-3330,22;
00201;"Combustivel/Lubrificantes/Troca Oleo ";313010024;10/04/2025;"VR. DEB. C/C REF.REEMBOLSO WESLLEY";00113;"";127;100,00;0,00;-2553,79;-3430,22;
00201;"Combustivel/Lubrificantes/Troca Oleo ";313010024;15/04/2025;"VR. DEB. C/C REF.ABASTECIMENTO CARREFOUR";00113;"";127;90,00;0,00;-2553,79;-3520,22;
00201;"Combustivel/Lubrificantes/Troca Oleo ";313010024;02/05/2025;"VR. DEB. C/C REF. REEMBOLSO WESLLEY COMBUSTIVEL - MOTO COND.";00113;"";128;111,37;0,00;-2553,79;-3631,59;
00201;"Combustivel/Lubrificantes/Troca Oleo ";313010024;06/05/2025;"VR. DEB. C/C REF.REEMBOLSO COMBUSTIVEL";00113;"";128;50,00;0,00;-2553,79;-3681,59;
00201;"Combustivel/Lubrificantes/Troca Oleo ";313010024;26/05/2025;"VR. DEB. C/C REF. REEMBOLSO ABASTECIMENTO";00113;"";128;50,00;0,00;-2553,79;-3731,59;
00201;"Combustivel/Lubrificantes/Troca Oleo ";313010024;29/05/2025;"VR. DEB. C/C REF. REEMBOLSO ABASTECIMENTO MOTO COND.";00113;"";128;80,00;0,00;-2553,79;-3811,59;
00201;"Combustivel/Lubrificantes/Troca Oleo ";313010024;25/06/2025;"VR. DEB. C/C REF.REEMBOLSO COMBUSTIVEL MOTO";00113;"";129;100,00;0,00;-2553,79;-3911,59;
00201;"Combustivel/Lubrificantes/Troca Oleo ";313010024;05/07/2025;"VR. DEB. C/C REF.ABASTECIMENTO";00090;"";130;70,00;0,00;-2553,79;-3981,59;
00201;"Combustivel/Lubrificantes/Troca Oleo ";313010024;09/07/2025;"VR. DEB. C/C REF.ABASTECIMENTO MOTO E ROÇADEIRA";00113;"";130;105,01;0,00;-2553,79;-4086,60;
00201;"Combustivel/Lubrificantes/Troca Oleo ";313010024;18/07/2025;"VR. DEB. C/C REF. ABASTECIMENTO";00113;"";130;70,00;0,00;-2553,79;-4156,60;
00205;"Conservacao e manutencao de Motos";313010028;07/02/2025;"VR. DEB. C/C REF.MEGGA MOTOS OS 11252";00113;"";125;445,00;0,00;-2032,00;-2477,00;
00205;"Conservacao e manutencao de Motos";313010028;14/02/2025;"VR. DEB. C/C REF. MEGGA MOTOS OS11367";00113;"";125;198,00;0,00;-2032,00;-2675,00;
00205;"Conservacao e manutencao de Motos";313010028;27/03/2025;"VR.DEB.C/C.REF.PAGTO MEGGA MOTOS OS 11618";00113;"";126;200,00;0,00;-2032,00;-2875,00;
00205;"Conservacao e manutencao de Motos";313010028;28/05/2025;"VR. DEB. C/C REF. MEGGA MOTOS OS. 11849";00113;"";128;50,00;0,00;-2032,00;-2925,00;
00206;"Energia Eletrica";313010030;17/01/2025;"VR.DEB.C/C CTA CEMIG N/MES";00113;"";124;2600,22;0,00;-40867,87;-43468,09;
00206;"Energia Eletrica";313010030;17/01/2025;"VR.DEB.C/C CTA CEMIG N/MES";00113;"";124;452,50;0,00;-40867,87;-43920,59;
00206;"Energia Eletrica";313010030;17/01/2025;"VR.DEB.C/C CTA CEMIG N/MES";00113;"";124;166,34;0,00;-40867,87;-44086,93;
00206;"Energia Eletrica";313010030;14/02/2025;"VR.DEB.C/C CTA CEMIG N/MES";00113;"";125;1615,21;0,00;-40867,87;-45702,14;
00206;"Energia Eletrica";313010030;14/02/2025;"VR.DEB.C/C CTA CEMIG N/MES";00113;"";125;331,25;0,00;-40867,87;-46033,39;
00206;"Energia Eletrica";313010030;17/03/2025;"VR.DEB.C/C CTA CEMIG N/MES";00113;"";126;1411,86;0,00;-40867,87;-47445,25;
00206;"Energia Eletrica";313010030;17/03/2025;"VR.DEB.C/C CTA CEMIG N/MES";00113;"";126;331,42;0,00;-40867,87;-47776,67;
00206;"Energia Eletrica";313010030;17/03/2025;"VR.DEB.C/C CTA CEMIG N/MES";00113;"";126;107,77;0,00;-40867,87;-47884,44;
00206;"Energia Eletrica";313010030;17/04/2025;"VR.DEB.C/C CTA CEMIG N/MES";00113;"";127;421,16;0,00;-40867,87;-48305,60;
00206;"Energia Eletrica";313010030;17/04/2025;"VR.DEB.C/C CTA CEMIG N/MES";00113;"";127;200,81;0,00;-40867,87;-48506,41;
00206;"Energia Eletrica";313010030;19/05/2025;"VR.DEB.C/C CTA CEMIG N/MES";00113;"";128;1674,37;0,00;-40867,87;-50180,78;
00206;"Energia Eletrica";313010030;19/05/2025;"VR.DEB.C/C CTA CEMIG N/MES";00113;"";128;338,23;0,00;-40867,87;-50519,01;
00206;"Energia Eletrica";313010030;25/06/2025;"VR.DEB.C/C CTA CEMIG N/MES";00113;"";129;1646,78;0,00;-40867,87;-52165,79;
00206;"Energia Eletrica";313010030;25/06/2025;"VR.DEB.C/C CTA CEMIG N/MES";00113;"";129;335,75;0,00;-40867,87;-52501,54;
00206;"Energia Eletrica";313010030;25/06/2025;"VR.DEB.C/C CTA CEMIG N/MES";00113;"";129;124,23;0,00;-40867,87;-52625,77;
00206;"Energia Eletrica";313010030;17/07/2025;"VR.DEB.C/C CTA CEMIG N/MES";00113;"";130;783,17;0,00;-40867,87;-53408,94;
00206;"Energia Eletrica";313010030;17/07/2025;"VR.DEB.C/C CTA CEMIG N/MES";00113;"";130;221,90;0,00;-40867,87;-53630,84;
00206;"Energia Eletrica";313010030;17/07/2025;"VR.DEB.C/C CTA CEMIG N/MES";00113;"";130;149,28;0,00;-40867,87;-53780,12;
00208;"Despesas com transporte e entrega";313010032;09/01/2025;"VR. DEB. C/C REF. REEMBOLSO UBER ENTREGADA DOCUMENTOS";00113;"";124;53,49;0,00;-1950,11;-2003,60;
00208;"Despesas com transporte e entrega";313010032;04/02/2025;"VR. DEB. C/C REF. REEMBOLSO TRANSPORTE";00113;"";125;30,95;0,00;-1950,11;-2034,55;
00208;"Despesas com transporte e entrega";313010032;04/02/2025;"VR. DEB. C/C REF.REEMBOLSO TRANSPORTE";00113;"";125;17,98;0,00;-1950,11;-2052,53;
00208;"Despesas com transporte e entrega";313010032;11/02/2025;"VR. DEB. C/C REF. REEMBOLSO TRANSPORTE";00113;"";125;83,94;0,00;-1950,11;-2136,47;
00208;"Despesas com transporte e entrega";313010032;07/03/2025;"VR. DEB. C/C REF. UBER ESCRITORIO ADEC E COMPRA DE TINTAS";00113;"";126;78,52;0,00;-1950,11;-2214,99;
00208;"Despesas com transporte e entrega";313010032;07/04/2025;"VR. DEB. C/C REF. REEMBOLSO UBER - CAIXA EC.";00113;"";127;36,07;0,00;-1950,11;-2251,06;
00208;"Despesas com transporte e entrega";313010032;09/04/2025;"VR. DEB. C/C REF. 99POP";00113;"";127;35,90;0,00;-1950,11;-2286,96;
00208;"Despesas com transporte e entrega";313010032;09/04/2025;"VR. DEB. C/C REF. UBER- ENVIO DOCS";00113;"";127;14,23;0,00;-1950,11;-2301,19;
00208;"Despesas com transporte e entrega";313010032;29/04/2025;"VR. DEB. C/C REF.REEMBOLSO UBER NSF";00113;"";127;54,99;0,00;-1950,11;-2356,18;
00208;"Despesas com transporte e entrega";313010032;10/06/2025;"VR. DEB. C/C REF. UBER - ENVIO DE DOCUMENTOS";00113;"";129;17,03;0,00;-1950,11;-2373,21;
00208;"Despesas com transporte e entrega";313010032;20/06/2025;"VR. DEB. C/C REF.UBER E 99POP";00113;"";129;42,29;0,00;-1950,11;-2415,50;
00208;"Despesas com transporte e entrega";313010032;25/07/2025;"VR. DEB. C/C REF. ADMISSÃO FUNC - CARLOS ALMEIDA";00113;"";130;239,00;0,00;-1950,11;-2654,50;
00209;"Telefone/Internet";313010033;27/01/2025;"VR.DEB.C/C TELEFONE VIVO";00113;"";124;90,62;0,00;-2222,11;-2312,73;
00209;"Telefone/Internet";313010033;25/02/2025;"VR.DEB.C/C TELEFONE";00113;"";125;90,62;0,00;-2222,11;-2403,35;
00209;"Telefone/Internet";313010033;25/03/2025;"VR.DEB.C/C TELEFONE";00113;"";126;90,62;0,00;-2222,11;-2493,97;
00209;"Telefone/Internet";313010033;25/04/2025;"VR.DEB.C/C TELEFONE VIVO";00113;"";127;90,62;0,00;-2222,11;-2584,59;
00209;"Telefone/Internet";313010033;23/05/2025;"VR.DEB.C/C TELEFONE";00113;"";128;90,62;0,00;-2222,11;-2675,21;
00209;"Telefone/Internet";313010033;25/06/2025;"VR.DEB.C/C TELEFONE";00113;"";129;90,62;0,00;-2222,11;-2765,83;
00209;"Telefone/Internet";313010033;28/07/2025;"VR.DEB.C/C TELEFONE";00113;"";130;90,62;0,00;-2222,11;-2856,45;
00031;"Despesas c/Chaveiro";313010038;13/01/2025;"VR. DEB. C/C REF. JOAO CARLOS MARIA - ME NF: 584";00113;"";124;176,00;0,00;0,00;-176,00;
00008;"Seguros";313010042;24/01/2025;"VR. DEB. C/C REF. TOKIO MARINE SEGURADORA S A";00113;"";124;529,67;0,00;-5125,64;-5655,31;
00008;"Seguros";313010042;26/02/2025;"VR. DEB. C/C REF. TOKKIO MARINE SEGURADORA S A";00113;"";125;529,60;0,00;-5125,64;-6184,91;
00008;"Seguros";313010042;31/03/2025;"VR. DEB. C/C REF.SEGURO MOTO";00113;"";126;809,17;0,00;-5125,64;-6994,08;
376;"Despesas com Assembleia";313010043;28/03/2025;"VR.DEB.C/C.REF.PAGTO. CARTORIO DE REGISTRO DE TITULOS E DOCUMENTOS E CIVIL DAS PESSOAS JURIDICAS DE JABOTICATUBAS-MG";00113;"";126;471,96;0,00;-9001,66;-9473,62;
376;"Despesas com Assembleia";313010043;04/04/2025;"VR. DEB. C/C REF.CONFECÇÃO ATA";00113;"";127;300,00;0,00;-9001,66;-9773,62;
376;"Despesas com Assembleia";313010043;04/04/2025;"VR. DEB. C/C REF.REEMBOLSO DESLOCAMENTO";00113;"";127;273,60;0,00;-9001,66;-10047,22;
00048;"Fretes e Carretos";313010047;08/01/2025;"VR. DEB. C/C REF.MOBILIADORA JOSE MARINHO DA PAZ - CIPO MOVEIS";00113;"";124;40,00;0,00;-1440,05;-1480,05;
00048;"Fretes e Carretos";313010047;13/01/2025;"VR. DEB. C/C REF.FRETE MINAS TEXTURAS LEONARDO RANGEL AMARAL GONCALVES LTDA NF 310";00113;"";124;20,00;0,00;-1440,05;-1500,05;
00048;"Fretes e Carretos";313010047;15/01/2025;"VR. DEB. C/C REF.FRANCISCO GOMES";00113;"";124;300,00;0,00;-1440,05;-1800,05;
00048;"Fretes e Carretos";313010047;20/01/2025;"VR. DEB. C/C REF. FABIANA B. CARNEIRO - CARRETO SANTA CRUZ";00113;"";124;200,00;0,00;-1440,05;-2000,05;
00048;"Fretes e Carretos";313010047;22/01/2025;"VR. DEB. C/C REF.FRETE MERCADO LIVRE";00113;"";124;14,90;0,00;-1440,05;-2014,95;
00048;"Fretes e Carretos";313010047;30/01/2025;"VR. DEB. C/C REF. FRETE MERCADO LIVRE";00113;"";124;17,90;0,00;-1440,05;-2032,85;
00048;"Fretes e Carretos";313010047;07/02/2025;"VR. DEB. C/C REF. AXF MATERIAIS DE CONSTRUÇÃO LTDA NF 1240";00113;"";125;35,00;0,00;-1440,05;-2067,85;
00048;"Fretes e Carretos";313010047;10/02/2025;"VR. DEB. C/C REF. CARRETO FABRITELHAS";00113;"";125;180,00;0,00;-1440,05;-2247,85;
00048;"Fretes e Carretos";313010047;17/02/2025;"VR. DEB. C/C REF.CARRTO AXF NF 1249";00113;"";125;35,00;0,00;-1440,05;-2282,85;
00048;"Fretes e Carretos";313010047;17/02/2025;"VR. DEB. C/C REF.CARRETO AXF NF 1255";00113;"";125;35,00;0,00;-1440,05;-2317,85;
00048;"Fretes e Carretos";313010047;20/02/2025;"VR. DEB. C/C REF. CARRETO - AXF MATERIAIS DE CONSTRUÇÃO NF 1254";00113;"";125;35,00;0,00;-1440,05;-2352,85;
00048;"Fretes e Carretos";313010047;20/02/2025;"VR. DEB. C/C REF. FRETE - SOUZA DAMIANI LTDA NF 336.981";00113;"";125;18,57;0,00;-1440,05;-2371,42;
00048;"Fretes e Carretos";313010047;21/02/2025;"VR. DEB. C/C REF.FRETE CLORAFER COMERCIO DE FERROS E METAIS LTDA NF 3285";00113;"";125;35,61;0,00;-1440,05;-2407,03;
00048;"Fretes e Carretos";313010047;24/02/2025;"VR. DEB. C/C REF.ALMEIDA ACABAMENTOS FRETE";00113;"";125;35,00;0,00;-1440,05;-2442,03;
00048;"Fretes e Carretos";313010047;26/02/2025;"VR. DEB. C/C REF. LOC JABO";00113;"";125;80,00;0,00;-1440,05;-2522,03;
00048;"Fretes e Carretos";313010047;26/02/2025;"VR. DEB. C/C REF. ALMEIDA ACABAMENTOS FRETE";00113;"";125;6,46;0,00;-1440,05;-2528,49;
00048;"Fretes e Carretos";313010047;05/03/2025;"VR. DEB. C/C REF.CARRETO AXF NF 1271";00113;"";126;70,00;0,00;-1440,05;-2598,49;
00048;"Fretes e Carretos";313010047;11/03/2025;"VR. DEB. C/C REF. AXF CARRETO NF 1278";00113;"";126;35,00;0,00;-1440,05;-2633,49;
00048;"Fretes e Carretos";313010047;13/03/2025;"VR. DEB. C/C REF.CARRETO FABRITELHAS";00113;"";126;180,00;0,00;-1440,05;-2813,49;
00048;"Fretes e Carretos";313010047;17/03/2025;"VR. DEB. C/C REF. FRETE NEW POINT COMERCIO DE PRODUTOS (MERCADO LIVRE) NF 18.956";00113;"";126;11,00;0,00;-1440,05;-2824,49;
00048;"Fretes e Carretos";313010047;04/04/2025;"VR. DEB. C/C REF. JMF COMERCIAL E SERVIÇOS LTDA NF 58.417 - FRETE";00113;"";127;18,57;0,00;-1440,05;-2843,06;
00048;"Fretes e Carretos";313010047;10/04/2025;"VR. DEB. C/C REF. FRETE - MATERIAL HIDRAULICO";00113;"";127;300,00;0,00;-1440,05;-3143,06;
00065;"Material de divulgacao ";313010054;31/03/2025;"VR. DEB. C/C REF.DANIELA SILVA NOG";00113;"";126;100,00;0,00;0,00;-100,00;
00066;"Material Eletrico";313010055;22/01/2025;"VR. DEB. C/C REF. MFL ACESSORIOS LTDA NF 2.798.198";00113;"";124;25,80;0,00;-6212,99;-6238,79;
00066;"Material Eletrico";313010055;29/01/2025;"VR. DEB. C/C REF.GMC COMPONENTES ELETRICOS E NF 510.980";00113;"";124;128,97;0,00;-6212,99;-6367,76;
00066;"Material Eletrico";313010055;07/02/2025;"VR. DEB. C/C REF. AXF MATERIAIS DE CONSTRUÇÃO LTDA NF 1240";00113;"";125;297,60;0,00;-6212,99;-6665,36;
00066;"Material Eletrico";313010055;11/03/2025;"VR. DEB. C/C REF.CLICK REPAROS ATACADISTA (MERCADO LIVRE) NF 185.518";00113;"";126;122,67;0,00;-6212,99;-6788,03;
00066;"Material Eletrico";313010055;17/03/2025;"VR. DEB. C/C REF.NEW POINT COMERCIO DE PRODUTOS (MERCADO LIVRE) NF 18.956";00113;"";126;350,56;0,00;-6212,99;-7138,59;
00066;"Material Eletrico";313010055;07/04/2025;"VR. DEB. C/C REF. CASA VERMELHA TREM DE TUDO - COMPROVANTE DE VENDA 36671";00113;"";127;92,60;0,00;-6212,99;-7231,19;
00066;"Material Eletrico";313010055;18/06/2025;"VR.DEB.C/C.REF.PAGTO VEREJO BLASKVICZ NF 129";00113;"";129;208,00;0,00;-6212,99;-7439,19;
00066;"Material Eletrico";313010055;24/07/2025;"VR.DEB.C/C.REF.PAGTO VEREJO BLASKVICZ NF 131";00113;"";130;35,00;0,00;-6212,99;-7474,19;
00099;"Material de Escritorio/Toner/Manutenção Impressora";313010069;06/02/2025;"VR. DEB. C/C REF. GARRA DISTRIBUIDORA";00113;"";125;11,90;0,00;-948,96;-960,86;
00099;"Material de Escritorio/Toner/Manutenção Impressora";313010069;14/03/2025;"VR. DEB. C/C REF. SAO JOSE PAPELARIA E UTILIDADES";00113;"";126;15,00;0,00;-948,96;-975,86;
00099;"Material de Escritorio/Toner/Manutenção Impressora";313010069;24/03/2025;"VR.DEB.C/C.REF.PAGTO VEREJO BLASKVICZ NF 123";00113;"";126;20,00;0,00;-948,96;-995,86;
00099;"Material de Escritorio/Toner/Manutenção Impressora";313010069;04/04/2025;"VR. DEB. C/C REF. JMF COMERCIAL E SERVIÇOS LTDA NF 58.417";00113;"";127;42,84;0,00;-948,96;-1038,70;
00099;"Material de Escritorio/Toner/Manutenção Impressora";313010069;25/04/2025;"VR. DEB. C/C REF. SUPRY PONT INFORMATICA LTDA NF 944.485";00113;"";127;382,61;0,00;-948,96;-1421,31;
00099;"Material de Escritorio/Toner/Manutenção Impressora";313010069;28/04/2025;"VR. DEB. C/C REF. SAO JOSE PAPELARIA E UTILIDADES";00113;"";127;17,00;0,00;-948,96;-1438,31;
00099;"Material de Escritorio/Toner/Manutenção Impressora";313010069;29/04/2025;"VR.DEB.C/C.REF.PAGTO SUPERMERCADOS BH";00113;"";127;23,90;0,00;-948,96;-1462,21;
00099;"Material de Escritorio/Toner/Manutenção Impressora";313010069;04/06/2025;"VR. DEB. C/C REF. GARRA DISTRIBUIDORA";00113;"";129;24,49;0,00;-948,96;-1486,70;
00115;"Encadernaçao de livros";313010076;21/02/2025;"VR. DEB. C/C REF. DELL ART";00113;"";125;260,00;0,00;-1660,00;-1920,00;
00115;"Encadernaçao de livros";313010076;25/03/2025;"VR. DEB. C/C REF.DELL ART";00113;"";126;260,00;0,00;-1660,00;-2180,00;
00121;"Bens de Reduzido Valor";313010082;07/02/2025;"VR. DEB. C/C REF.AXF MATERIAIS DE CONSTRUÇÃO LTDA NF 1240";00113;"";125;37,50;0,00;-651,97;-689,47;
00121;"Bens de Reduzido Valor";313010082;28/05/2025;"VR. DEB. C/C REF.COMERCIAL PENA E LOPES LTDA NF 497.733";00113;"";128;319,00;0,00;-651,97;-1008,47;
00121;"Bens de Reduzido Valor";313010082;18/06/2025;"VR.DEB.C/C.REF.PAGTO VEREJO BLASKVICZ NF 129 (LIMA)";00113;"";129;18,00;0,00;-651,97;-1026,47;
00121;"Bens de Reduzido Valor";313010082;20/06/2025;"VR. DEB. C/C REF. MARCOS VALENTIM AMORIM NF 22.477 (ALICATE)";00113;"";129;65,99;0,00;-651,97;-1092,46;
00138;"Reforma Portaria";313010085;10/02/2025;"VR. DEB. C/C REF.FABRITELHAS INDUSTRIA COMERCIO E SERVIÇOS LTDA NF 4815";00113;"";125;797,24;0,00;-38448,72;-39245,96;
00138;"Reforma Portaria";313010085;11/02/2025;"VR. DEB. C/C REF.WARCIO ELERSON CORREA NF 807";00113;"";125;1446,00;0,00;-38448,72;-40691,96;
00138;"Reforma Portaria";313010085;14/02/2025;"VR. DEB. C/C REF. PARCELA OBRA DCJ";00113;"";125;2500,00;0,00;-38448,72;-43191,96;
00138;"Reforma Portaria";313010085;17/02/2025;"VR. DEB. C/C REF. AXF MATERIAIS DE CONSTRUÇÃO LTDA NF 1249";00113;"";125;757,10;0,00;-38448,72;-43949,06;
00138;"Reforma Portaria";313010085;17/02/2025;"VR. DEB. C/C REF.AXF MATERIAIS DE CONSTRUÇÃO LTDA NF 1255";00113;"";125;374,00;0,00;-38448,72;-44323,06;
00138;"Reforma Portaria";313010085;18/02/2025;"VR. DEB. C/C REF.XAVIER LOCAÇÕES";00113;"";125;300,00;0,00;-38448,72;-44623,06;
00138;"Reforma Portaria";313010085;20/02/2025;"VR. DEB. C/C REF. FERRUM COMERCIO LTDA NF 6.000";00113;"";125;407,16;0,00;-38448,72;-45030,22;
00138;"Reforma Portaria";313010085;20/02/2025;"VR. DEB. C/C REF. AXF MATERIAIS DE CONSTRUÇÃO NF 1254";00113;"";125;191,90;0,00;-38448,72;-45222,12;
00138;"Reforma Portaria";313010085;20/02/2025;"VR. DEB. C/C REF. CRONOS DISTRIBUIDORA LTDA NF 14.121";00113;"";125;153,80;0,00;-38448,72;-45375,92;
00138;"Reforma Portaria";313010085;20/02/2025;"VR. DEB. C/C REF.SOUZA DAMIANI LTDA NF 336.981";00113;"";125;72,34;0,00;-38448,72;-45448,26;
00138;"Reforma Portaria";313010085;21/02/2025;"VR. DEB. C/C REF. DEIDNE BARBOSA FONSECA";00113;"";125;1700,00;0,00;-38448,72;-47148,26;
00138;"Reforma Portaria";313010085;21/02/2025;"VR. DEB. C/C REF. CLORAFER COMERCIO DE FERROS E METAIS LTDA NF 3285";00113;"";125;78,88;0,00;-38448,72;-47227,14;
00138;"Reforma Portaria";313010085;24/02/2025;"VR. DEB. C/C REF. ALMEIDA ACABAMENTOS";00113;"";125;515,70;0,00;-38448,72;-47742,84;
00138;"Reforma Portaria";313010085;26/02/2025;"VR. DEB. C/C REF. REAL COMERCIO LTDA NF 30853";00113;"";125;345,99;0,00;-38448,72;-48088,83;
00138;"Reforma Portaria";313010085;26/02/2025;"VR. DEB. C/C REF. ALMEIDA ACABAMENTOS";00113;"";125;43,34;0,00;-38448,72;-48132,17;
00138;"Reforma Portaria";313010085;28/02/2025;"VR. DEB. C/C REF.PARCELA FINAL DCJ";00113;"";125;7500,00;0,00;-38448,72;-55632,17;
00138;"Reforma Portaria";313010085;28/02/2025;"VR. DEB. C/C REF. ALMEIDA ACABAMENTOS";00113;"";125;67,50;0,00;-38448,72;-55699,67;
00144;"Material Hidraulico";313010089;07/02/2025;"VR. DEB. C/C REF. AXF MATERIAIS DE CONSTRUÇÃO LTDA NF 1240";00113;"";125;25,00;0,00;-9397,51;-9422,51;
00144;"Material Hidraulico";313010089;07/04/2025;"VR. DEB. C/C REF. AQUATUDO COMERCIAL LTDA NF 1599";00113;"";127;1700,70;0,00;-9397,51;-11123,21;
00144;"Material Hidraulico";313010089;22/04/2025;"VR. DEB. C/C REF. AXF MATERIAIS DE CONSTRUÇÃO LTDA NF 1.320";00113;"";127;118,95;0,00;-9397,51;-11242,16;
00144;"Material Hidraulico";313010089;24/07/2025;"VR.DEB.C/C.REF.PAGTO VEREJO BLASKVICZ NF 131";00113;"";130;172,00;0,00;-9397,51;-11414,16;
533;"Material /Servico - Iluminação interna";313010093;23/05/2025;"VR. DEB. C/C REF.VAGALUME ILUMINACAO PUBLICA LTDA NF 2025000000000231";00113;"";128;4500,00;0,00;0,00;-4500,00;
236;"Conservação e Manutençao da Portaria";313010096;05/03/2025;"VR. DEB. C/C REF. WEVERTON COSME - PINTURA PORTAO";00113;"";126;900,00;0,00;-4000,00;-4900,00;
236;"Conservação e Manutençao da Portaria";313010096;06/03/2025;"VR. DEB. C/C REF.JASON DIAS - VIDROS PORTARIA";00113;"";126;1780,00;0,00;-4000,00;-6680,00;
236;"Conservação e Manutençao da Portaria";313010096;07/03/2025;"VR. DEB. C/C REF.LEONARDO RANGEL (MINAS TEXTURAS) NF 327";00113;"";126;151,90;0,00;-4000,00;-6831,90;
236;"Conservação e Manutençao da Portaria";313010096;10/03/2025;"VR. DEB. C/C REF. WEVERTON COSME PINTURA PORTARIA 2/2";00113;"";126;900,00;0,00;-4000,00;-7731,90;
236;"Conservação e Manutençao da Portaria";313010096;10/03/2025;"VR. DEB. C/C REF. DEIDNE BARBOSA - NIVELAMENTO PISO PORTARIA";00113;"";126;700,00;0,00;-4000,00;-8431,90;
236;"Conservação e Manutençao da Portaria";313010096;13/03/2025;"VR. DEB. C/C REF. DEIDNE BARBOSA NIVELAMENTO DO PISO 2/2";00113;"";126;400,00;0,00;-4000,00;-8831,90;
236;"Conservação e Manutençao da Portaria";313010096;17/04/2025;"VR. DEB. C/C REF.REPARO ESTRUTURAL PORTARIA - DAIDNE BARBOSA";00113;"";127;900,00;0,00;-4000,00;-9731,90;
236;"Conservação e Manutençao da Portaria";313010096;22/04/2025;"VR. DEB. C/C REF. JASON DIAS - VIDROS PORTARIA";00113;"";127;1095,00;0,00;-4000,00;-10826,90;
236;"Conservação e Manutençao da Portaria";313010096;22/04/2025;"VR. DEB. C/C REF. REAL COMERCIO LTDA / LAGOA SANTA - NF 31517";00113;"";127;203,31;0,00;-4000,00;-11030,21;
236;"Conservação e Manutençao da Portaria";313010096;02/05/2025;"VR. DEB. C/C REF.CASSIA MARIA NFS-E 70";00113;"";128;1980,00;0,00;-4000,00;-13010,21;
236;"Conservação e Manutençao da Portaria";313010096;12/05/2025;"VR. DEB. C/C REF. MANUTENÇÃO PORTA DE VIDRO";00113;"";128;450,00;0,00;-4000,00;-13460,21;
236;"Conservação e Manutençao da Portaria";313010096;12/05/2025;"VR. DEB. C/C REF. WEVERTON COSME - PINTURA MEIO FIO";00113;"";128;350,00;0,00;-4000,00;-13810,21;
306;"Material de Copa";313010098;22/04/2025;"VR. DEB. C/C REF. IVAL COMERCIO S J ALMEIDA";00113;"";127;39,80;0,00;-915,01;-954,81;
306;"Material de Copa";313010098;18/06/2025;"VR.DEB.C/C.REF.PAGTO VEREJO BLASKVICZ NF 129";00113;"";129;35,00;0,00;-915,01;-989,81;
00230;"Vale Transporte";313030008;06/01/2025;"VR.DEB.C/C VT";00113;"";124;1468,80;0,00;-16151,95;-17620,75;
00230;"Vale Transporte";313030008;05/02/2025;"VR.DEB.C/C VT";00113;"";125;1468,80;0,00;-16151,95;-19089,55;
00230;"Vale Transporte";313030008;05/03/2025;"VR.DEB.C/C VT";00113;"";126;1169,60;0,00;-16151,95;-20259,15;
00230;"Vale Transporte";313030008;01/04/2025;"VR.DEB.C/C VT";00113;"";127;1169,60;0,00;-16151,95;-21428,75;
00230;"Vale Transporte";313030008;14/04/2025;"VR.DEB.C/C VT";00113;"";127;217,60;0,00;-16151,95;-21646,35;
00230;"Vale Transporte";313030008;02/05/2025;"VR.DEB.C/C VT";00113;"";128;1251,20;0,00;-16151,95;-22897,55;
00230;"Vale Transporte";313030008;13/05/2025;"VR.DEB.C/C CONSORCIO OTIMO DOC. E PERIODICO - LUIS F.";00113;"";128;50,00;0,00;-16151,95;-22947,55;
00230;"Vale Transporte";313030008;13/05/2025;"VR.DEB.C/C REEMBOLSO VT - EXAME PERIODICO - SANDRO";00113;"";128;30,00;0,00;-16151,95;-22977,55;
00230;"Vale Transporte";313030008;02/06/2025;"VR.DEB.C/C VT";00113;"";129;1251,20;0,00;-16151,95;-24228,75;
00230;"Vale Transporte";313030008;01/07/2025;"VR.DEB.C/C VT";00113;"";130;1169,60;0,00;-16151,95;-25398,35;
00230;"Vale Transporte";313030008;18/07/2025;"VR.DEB.C/C VT - CARLOS ALMEIDA";00113;"";130;163,20;0,00;-16151,95;-25561,55;
00230;"Vale Transporte";313030008;23/07/2025;"VR.DEB.C/C VT - EXAME PERIODICO ADILSON";00113;"";130;46,15;0,00;-16151,95;-25607,70;
00230;"Vale Transporte";313030008;28/07/2025;"VR.DEB.C/C VT. CARLOS ALMEIDA - EXAME ADM";00113;"";130;30,00;0,00;-16151,95;-25637,70;
00014;"Uniformes";313030017;24/03/2025;"VR.DEB.C/C.REF.PAGTO VEREJO BLASKVICZ NF 123";00113;"";126;75,00;0,00;-6829,83;-6904,83;
00014;"Uniformes";313030017;28/04/2025;"VR. DEB. C/C REF. MARIANA GABRIELA RODRIGUES NF 4.801";00113;"";127;435,00;0,00;-6829,83;-7339,83;
00021;"Cartao Alimentacao\Cesta Basica\Cesta Natal";313030018;07/01/2025;"VR.DEB.C/C CIA BRASILEIRA SOLUCOES E SERVICOS REF.CARTAO ALIMENTACAO";00113;"";124;1853,76;0,00;-34937,68;-36791,44;
00021;"Cartao Alimentacao\Cesta Basica\Cesta Natal";313030018;05/02/2025;"VR.DEB.C/C CIA BRASILEIRA SOLUCOES E SERVICOS REF.CARTAO ALIMENTACAO";00113;"";125;1853,76;0,00;-34937,68;-38645,20;
00021;"Cartao Alimentacao\Cesta Basica\Cesta Natal";313030018;05/03/2025;"VR.DEB.C/C CIA BRASILEIRA SOLUCOES E SERVICOS REF.CARTAO ALIMENTACAO";00113;"";126;1856,22;0,00;-34937,68;-40501,42;
00021;"Cartao Alimentacao\Cesta Basica\Cesta Natal";313030018;07/04/2025;"VR.DEB.C/C CIA BRASILEIRA SOLUCOES E SERVICOS REF.CARTAO ALIMENTACAO";00113;"";127;1856,22;0,00;-34937,68;-42357,64;
00021;"Cartao Alimentacao\Cesta Basica\Cesta Natal";313030018;07/05/2025;"VR.DEB.C/C CIA BRASILEIRA SOLUCOES E SERVICOS REF.CARTAO ALIMENTACAO";00113;"";128;1856,22;0,00;-34937,68;-44213,86;
00021;"Cartao Alimentacao\Cesta Basica\Cesta Natal";313030018;06/06/2025;"VR.DEB.C/C CIA BRASILEIRA SOLUCOES E SERVICOS REF.CARTAO ALIMENTACAO";00113;"";129;1856,22;0,00;-34937,68;-46070,08;
00021;"Cartao Alimentacao\Cesta Basica\Cesta Natal";313030018;04/07/2025;"VR.DEB.C/C CIA BRASILEIRA SOLUCOES E SERVICOS REF.CARTAO ALIMENTACAO";00113;"";130;1546,85;0,00;-34937,68;-47616,93;
00021;"Cartao Alimentacao\Cesta Basica\Cesta Natal";313030018;18/07/2025;"VR.DEB.C/C CIA BRASILEIRA SOLUCOES E SERVICOS REF.CARTAO ALIMENTACAO - CARLOS ALMEIDA";00113;"";130;110,00;0,00;-34937,68;-47726,93;
00035;"Assistencia Familiar e  Funeral Sindeac PAF";313030019;10/01/2025;"VR.DEB.C/C.REF.PAGTO. SINDEAC PAF";00113;"";124;690,20;0,00;-13355,57;-14045,77;
00035;"Assistencia Familiar e  Funeral Sindeac PAF";313030019;10/02/2025;"VR.DEB.C/C.REF.PAGTO. SINDEAC PAF";00113;"";125;690,20;0,00;-13355,57;-14735,97;
00035;"Assistencia Familiar e  Funeral Sindeac PAF";313030019;10/03/2025;"VR.DEB.C/C.REF.PAGTO. SINDEAC PAF";00113;"";126;690,20;0,00;-13355,57;-15426,17;
00035;"Assistencia Familiar e  Funeral Sindeac PAF";313030019;10/04/2025;"VR.DEB.C/C.REF.PAGTO. SINDEAC PAF";00113;"";127;690,20;0,00;-13355,57;-16116,37;
00035;"Assistencia Familiar e  Funeral Sindeac PAF";313030019;09/05/2025;"VR.DEB.C/C.REF.PAGTO. SINDEAC PAF";00113;"";128;690,20;0,00;-13355,57;-16806,57;
00035;"Assistencia Familiar e  Funeral Sindeac PAF";313030019;10/06/2025;"VR.DEB.C/C.REF.PAGTO. SINDEAC PAF";00113;"";129;690,20;0,00;-13355,57;-17496,77;
00035;"Assistencia Familiar e  Funeral Sindeac PAF";313030019;10/07/2025;"VR.DEB.C/C.REF.PAGTO. SINDEAC PAF";00113;"";130;591,60;0,00;-13355,57;-18088,37;
00122;"Consultoria em Medicina do Trabalho";313030039;27/01/2025;"VR.DEB.C/C MASTER CONSULTORIOS E CONSULTORIA MED";00113;"";124;120,00;0,00;-3030,00;-3150,00;
00122;"Consultoria em Medicina do Trabalho";313030039;27/02/2025;"VR.DEB.C/C MASTER CONSULTORIOS E CONSULTORIA MED";00113;"";125;120,00;0,00;-3030,00;-3270,00;
00122;"Consultoria em Medicina do Trabalho";313030039;25/03/2025;"VR.DEB.C/C MASTER CONSULTORIOS E CONSULTORIA MED";00113;"";126;120,00;0,00;-3030,00;-3390,00;
00122;"Consultoria em Medicina do Trabalho";313030039;28/04/2025;"VR.DEB.C/C MASTER CONSULTORIOS E CONSULTORIA MED";00113;"";127;120,00;0,00;-3030,00;-3510,00;
00122;"Consultoria em Medicina do Trabalho";313030039;27/05/2025;"VR.DEB.C/C MASTER CONSULTORIOS E CONSULTORIA MED";00113;"";128;120,00;0,00;-3030,00;-3630,00;
00122;"Consultoria em Medicina do Trabalho";313030039;25/06/2025;"VR.DEB.C/C MASTER CONSULTORIOS E CONSULTORIA MED";00113;"";129;120,00;0,00;-3030,00;-3750,00;
00122;"Consultoria em Medicina do Trabalho";313030039;25/07/2025;"VR.DEB.C/C MASTER CONSULTORIOS E CONSULTORIA MED";00113;"";130;120,00;0,00;-3030,00;-3870,00;
00126;"Rescisão";313030040;20/06/2025;"VR. DEB. C/C REF. RESCISÃO FABIO FRANCA";00113;"";129;3435,57;0,00;-1094,94;-4530,51;
00126;"Rescisão";313030040;20/06/2025;"VR. DEB. C/C REF. RESCISÃO FABIO FRANCA - DESLOCAMENTO P. RESCISAO";00113;"";129;273,60;0,00;-1094,94;-4804,11;
00126;"Rescisão";313030040;25/06/2025;"VR. DEB. C/C REF.INSS E PIS RESCISORIO";00113;"";129;659,18;0,00;-1094,94;-5463,29;
00126;"Rescisão";313030040;25/06/2025;"VR. DEB. C/C REF. FGTS RESCISORIO";00113;"";129;155,11;0,00;-1094,94;-5618,40;
477;"Pro- Labore";313030042;02/01/2025;"VR.DEB.C/C PRO-LABORE SINDICO";00113;"";124;2000,00;0,00;-59000,00;-61000,00;
477;"Pro- Labore";313030042;04/02/2025;"VR.DEB.C/C PRO-LABORE SINDICO";00113;"";125;2000,00;0,00;-59000,00;-63000,00;
477;"Pro- Labore";313030042;05/03/2025;"VR.DEB.C/C PRO-LABORE SINDICO";00113;"";126;3000,00;0,00;-59000,00;-66000,00;
477;"Pro- Labore";313030042;01/04/2025;"VR.DEB.C/C PRO-LABORE";00113;"";127;3000,00;0,00;-59000,00;-69000,00;
477;"Pro- Labore";313030042;02/05/2025;"VR.DEB.C/C PRO-LABORE SINDICO";00113;"";128;3000,00;0,00;-59000,00;-72000,00;
477;"Pro- Labore";313030042;02/06/2025;"VR.DEB.C/C PRO-LABORE";00113;"";129;3000,00;0,00;-59000,00;-75000,00;
477;"Pro- Labore";313030042;01/07/2025;"VR.DEB.C/C PRO-LABORE";00113;"";130;3000,00;0,00;-59000,00;-78000,00;
115;"Sindeac PROFPS";313030046;10/01/2025;"VR.DEB.C/C.REF.PAGTO SINDEAC PQM";00113;"";124;84,00;0,00;-1742,00;-1826,00;
115;"Sindeac PROFPS";313030046;10/02/2025;"VR.DEB.C/C.REF.PAGTO SINDEAC PQM";00113;"";125;84,00;0,00;-1742,00;-1910,00;
115;"Sindeac PROFPS";313030046;10/03/2025;"VR.DEB.C/C.REF.PAGTO SINDEAC PQM";00113;"";126;84,00;0,00;-1742,00;-1994,00;
115;"Sindeac PROFPS";313030046;10/04/2025;"VR.DEB.C/C.REF.PAGTO SINDEAC PQM PROFPS";00113;"";127;84,00;0,00;-1742,00;-2078,00;
115;"Sindeac PROFPS";313030046;09/05/2025;"VR.DEB.C/C.REF.PAGTO SINDEAC PQM";00113;"";128;84,00;0,00;-1742,00;-2162,00;
115;"Sindeac PROFPS";313030046;10/06/2025;"VR.DEB.C/C.REF.PAGTO SINDEAC PROFPS";00113;"";129;84,00;0,00;-1742,00;-2246,00;
115;"Sindeac PROFPS";313030046;10/07/2025;"VR.DEB.C/C.REF.PAGTO SINDEAC PROFPS";00113;"";130;70,00;0,00;-1742,00;-2316,00;
00190;"Servico de Suporte na Administracao";313030050;20/01/2025;"VR. DEB. C/C REF. ERICK MATHEUS";00113;"";124;219,01;0,00;-31773,10;-31992,11;
00190;"Servico de Suporte na Administracao";313030050;02/05/2025;"VR. DEB. C/C REF.SUBSTITUTO ADILSON";00113;"";128;449,99;0,00;-31773,10;-32442,10;
00190;"Servico de Suporte na Administracao";313030050;30/05/2025;"VR. DEB. C/C REF. SUBS. FERIAS ADILSON";00113;"";128;2021,51;0,00;-31773,10;-34463,61;
00190;"Servico de Suporte na Administracao";313030050;23/06/2025;"VR. DEB. C/C REF. ALAOR SUBS. DIA 21/06";00113;"";129;223,58;0,00;-31773,10;-34687,19;
439;"Sistema de Ponto";313030051;15/01/2025;"VR.DEB.C/C.REF. SISTEMA PONTO TANGERINO";00113;"";124;71,92;0,00;-1685,68;-1757,60;
439;"Sistema de Ponto";313030051;17/02/2025;"VR.DEB.C/C.REF. SISTEMA PONTO TANGERINO";00113;"";125;71,92;0,00;-1685,68;-1829,52;
439;"Sistema de Ponto";313030051;17/03/2025;"VR.DEB.C/C.REF. SISTEMA PONTO TANGERINO";00113;"";126;71,92;0,00;-1685,68;-1901,44;
439;"Sistema de Ponto";313030051;15/04/2025;"VR.DEB.C/C.REF. SISTEMA PONTO TANGERINO";00113;"";127;71,92;0,00;-1685,68;-1973,36;
439;"Sistema de Ponto";313030051;15/05/2025;"VR.DEB.C/C.REF. SISTEMA PONTO TANGERINO";00113;"";128;71,92;0,00;-1685,68;-2045,28;
439;"Sistema de Ponto";313030051;16/06/2025;"VR.DEB.C/C.REF. SISTEMA PONTO TANGERINO";00113;"";129;71,92;0,00;-1685,68;-2117,20;
439;"Sistema de Ponto";313030051;15/07/2025;"VR.DEB.C/C.REF. SISTEMA PONTO TANGERINO";00113;"";130;71,92;0,00;-1685,68;-2189,12;
516;"Material de Segurança EPI";313030054;23/05/2025;"VR.DEB.C/C.REF.PAGTO VEREJO BLASKVICZ 125";00113;"";128;157,00;0,00;-1730,12;-1887,12;
516;"Material de Segurança EPI";313030054;18/06/2025;"VR.DEB.C/C.REF.PAGTO VEREJO BLASKVICZ NF 129";00113;"";129;90,00;0,00;-1730,12;-1977,12;
00132;"IPTU";313040007;06/06/2025;"VR. DEB. C/C REF. DAM IPTU - ESPAÇO GOURMET";00113;"";129;601,18;0,00;-1022,76;-1623,94;
00156;"IPVA";313040016;21/02/2025;"VR. DEB. C/C REF. IPVA MOTO COND";00113;"";125;111,84;0,00;-629,30;-741,14;
00156;"IPVA";313040016;21/02/2025;"VR. DEB. C/C REF. IPVA MOTO COND";00113;"";125;80,80;0,00;-629,30;-821,94;
00156;"IPVA";313040016;28/03/2025;"VR. DEB. C/C REF.IPVA 2022";00113;"";126;563,11;0,00;-629,30;-1385,05;
00156;"IPVA";313040016;28/03/2025;"VR. DEB. C/C REF. IPVA 2021";00113;"";126;310,63;0,00;-629,30;-1695,68;
00156;"IPVA";313040016;07/04/2025;"VR. DEB. C/C REF.IPVA 2025 3/3";00113;"";127;76,66;0,00;-629,30;-1772,34;
243;"Taxa de Alvara";313040018;10/01/2025;"VR. DEB. C/C REF. ALVARA DE FUNCIONAMENTO E LOCALIDADE";00113;"";124;436,80;0,00;-965,40;-1402,20;
00244;"Tarifas Bancarias";313050004;31/01/2025;"VR.DEB.C/C TARIFAS BANCARIAS CF EXTRATO";00113;"";124;1046,25;0,00;-18612,11;-19658,36;
00244;"Tarifas Bancarias";313050004;28/02/2025;"VR.DEB.C/C TARIFAS BANCARIAS CF EXTRATO";00113;"";125;1023,78;0,00;-18612,11;-20682,14;
00244;"Tarifas Bancarias";313050004;31/03/2025;"VR.DEB.C/C TARIFAS BANCARIAS CF EXTRATO";00113;"";126;981,97;0,00;-18612,11;-21664,11;
00244;"Tarifas Bancarias";313050004;30/04/2025;"VR.DEB.C/C TARIFAS BANCARIAS CF EXTRATO";00113;"";127;1024,85;0,00;-18612,11;-22688,96;
00244;"Tarifas Bancarias";313050004;30/05/2025;"VR.DEB.C/C TARIFAS BANCARIAS CF EXTRATO";00113;"";128;956,15;0,00;-18612,11;-23645,11;
00244;"Tarifas Bancarias";313050004;30/06/2025;"VR.DEB.C/C TARIFAS BANCARIAS CF EXTRATO";00113;"";129;917,82;0,00;-18612,11;-24562,93;
00244;"Tarifas Bancarias";313050004;31/07/2025;"VR.DEB.C/C TARIFAS BANCARIAS CF EXTRATO";00113;"";130;950,54;0,00;-18612,11;-25513,47;
00098;"IOF/IRRF";313050006;31/01/2025;"VR.DEB.C/C.REF.RESTAGE CDB";348;"";124;8,81;0,00;-3692,65;-3701,46;
00098;"IOF/IRRF";313050006;28/02/2025;"VR.DEB.APLICAÇÃO TARIFAS BANCARIAS CF EXTRATO";348;"";125;18,29;0,00;-3692,65;-3719,75;
00098;"IOF/IRRF";313050006;31/03/2025;"VR.DEB.C/C TARIFAS BANCARIAS CF EXTRATO";348;"";126;211,74;0,00;-3692,65;-3931,49;
00098;"IOF/IRRF";313050006;30/04/2025;"VR.DEB.C/C TARIFAS BANCARIAS CF EXTRATO";348;"";127;147,33;0,00;-3692,65;-4078,82;
00098;"IOF/IRRF";313050006;30/05/2025;"VR.DEB.C/C TARIFAS BANCARIAS CF EXTRATO";348;"";128;519,56;0,00;-3692,65;-4598,38;
00255;"Taxa de Condominio";411010001;31/01/2025;"VR.CRED.C/C MOV.COBRANÇA CF. EXTRATO";00113;"";124;0,00;36080,00;719819,45;755899,45;
00255;"Taxa de Condominio";411010001;28/02/2025;"VR.CRED.C/C MOV.COBRANÇA CF. EXTRATO";00113;"";125;0,00;33660,00;719819,45;789559,45;
00255;"Taxa de Condominio";411010001;31/03/2025;"VR.CRED.C/C MOV.COBRANÇA CF. EXTRATO";00113;"";126;0,00;33660,00;719819,45;823219,45;
00255;"Taxa de Condominio";411010001;30/04/2025;"VR.CRED.C/C TAXA CONDOMINIAL CF. EXTRATO";00113;"";127;0,00;37935,00;719819,45;861154,45;
00255;"Taxa de Condominio";411010001;30/05/2025;"VR.CRED.C/C MOV.COBRANÇA CF. EXTRATO";00113;"";128;0,00;36190,00;719819,45;897344,45;
00255;"Taxa de Condominio";411010001;30/06/2025;"VR.CRED.C/C MOV.COBRANÇA CF. EXTRATO";00113;"";129;0,00;34780,00;719819,45;932124,45;
00255;"Taxa de Condominio";411010001;31/07/2025;"VR.CRED.C/C MOV.COBRANÇA CF. EXTRATO";00113;"";130;0,00;35485,00;719819,45;967609,45;
00019;"Taxa Condominio Acordo administrativo";411010002;09/01/2025;"VR.DEB.C/C RECEITA ACORDO CF.PLANILHA";00113;"";124;336,86;0,00;141554,34;141217,48;
00019;"Taxa Condominio Acordo administrativo";411010002;31/01/2025;"VR.CRED.C/C RECEITA ACORDO CF.PLANILHA";00113;"";124;0,00;5768,57;141554,34;146986,05;
00019;"Taxa Condominio Acordo administrativo";411010002;31/01/2025;"VR.DEB.C/C RECEITA ACORDO CF.PLANILHA";00113;"";124;576,86;0,00;141554,34;146409,19;
00019;"Taxa Condominio Acordo administrativo";411010002;28/02/2025;"VR.CRED.C/C RECEITA ACORDO CF.PLANILHA";00113;"";125;0,00;8248,64;141554,34;154657,83;
00019;"Taxa Condominio Acordo administrativo";411010002;28/02/2025;"VR.DEB.C/C RECEITA ACORDO CF.PLANILHA";00113;"";125;824,86;0,00;141554,34;153832,97;
00019;"Taxa Condominio Acordo administrativo";411010002;31/03/2025;"VR.CRED.C/C RECEITA ACORDO CF.PLANILHA";00113;"";126;0,00;6628,05;141554,34;160461,02;
00019;"Taxa Condominio Acordo administrativo";411010002;31/03/2025;"VR.DEB.C/C RECEITA ACORDO CF.PLANILHA";00113;"";126;601,56;0,00;141554,34;159859,46;
00019;"Taxa Condominio Acordo administrativo";411010002;30/04/2025;"VR.CRED.C/C RECEITA ACORDO CF.PLANILHA";00113;"";127;0,00;4741,82;141554,34;164601,28;
00019;"Taxa Condominio Acordo administrativo";411010002;30/04/2025;"VR.DEB.C/C RECEITA ACORDO - HONORARIO";00113;"";127;581,56;0,00;141554,34;164019,72;
00019;"Taxa Condominio Acordo administrativo";411010002;30/05/2025;"VR.CRED.C/C RECEITA ACORDO CF.PLANILHA";00113;"";128;0,00;6717,05;141554,34;170736,77;
00019;"Taxa Condominio Acordo administrativo";411010002;30/05/2025;"VR.DEB.C/C RECEITA ACORDO CF.PLANILHA";00113;"";128;703,56;0,00;141554,34;170033,21;
00019;"Taxa Condominio Acordo administrativo";411010002;30/06/2025;"VR.CRED.C/C RECEITA ACORDO CF.PLANILHA";00113;"";129;0,00;8093,75;141554,34;178126,96;
00019;"Taxa Condominio Acordo administrativo";411010002;30/06/2025;"VR.DEB.C/C RECEITA ACORDO HONORARIO";00113;"";129;915,52;0,00;141554,34;177211,44;
00019;"Taxa Condominio Acordo administrativo";411010002;31/07/2025;"VR.CRED.C/C RECEITA ACORDO CF.PLANILHA";00113;"";130;0,00;6105,19;141554,34;183316,63;
00019;"Taxa Condominio Acordo administrativo";411010002;31/07/2025;"VR.DEB.C/C RECEITA ACORDO CF.PLANILHA";00113;"";130;637,52;0,00;141554,34;182679,11;
00042;"Taxa de instalacao de hidrometro";411010003;30/04/2025;"VR. CRED. C/C REF. TAXA DE HIDROMETRO";00113;"";127;0,00;1715,00;7820,00;9535,00;
00116;"Taxa Consumo de Agua";411010007;31/01/2025;"VR. CRED. C/C REF. TAXA DE AGUA";00113;"";124;0,00;1766,55;45805,78;47572,33;
00116;"Taxa Consumo de Agua";411010007;28/02/2025;"VR. CRED. C/C REF. TAXA DE AGUA";00113;"";125;0,00;1522,16;45805,78;49094,49;
00116;"Taxa Consumo de Agua";411010007;31/03/2025;"VR. CRED. C/C REF. TAXA DE AGUA";00113;"";126;0,00;2516,02;45805,78;51610,51;
00116;"Taxa Consumo de Agua";411010007;30/04/2025;"VR. CRED. C/C REF. TAXA DE AGUA";00113;"";127;0,00;2181,33;45805,78;53791,84;
00116;"Taxa Consumo de Agua";411010007;30/05/2025;"VR. CRED. C/C REF. TAXA DE AGUA";00113;"";128;0,00;1932,69;45805,78;55724,53;
00116;"Taxa Consumo de Agua";411010007;30/06/2025;"VR. CRED. C/C REF. TAXA DE AGUA";00113;"";129;0,00;1727,38;45805,78;57451,91;
00116;"Taxa Consumo de Agua";411010007;31/07/2025;"VR. CRED. C/C REF. TAXA DE AGUA";00113;"";130;0,00;2044,57;45805,78;59496,48;
00124;"Taxa Controle de Acesso";411010009;31/01/2025;"VR.CRED.C/C RECEITA CONTROLE DE ACESSO";00113;"";124;0,00;40,00;1880,00;1920,00;
00124;"Taxa Controle de Acesso";411010009;30/04/2025;"VR.CRED.C/C RECEITA CONTROLE DE ACESSO";00113;"";127;0,00;40,00;1880,00;1960,00;
00124;"Taxa Controle de Acesso";411010009;30/06/2025;"VR.CRED.C/C.REF.PAGTO. CONTROLE DE ACESSO";00113;"";129;0,00;40,00;1880,00;2000,00;
00124;"Taxa Controle de Acesso";411010009;31/07/2025;"VR.CRED.C/C RECEITA CONTROLE DE ACESSO";00113;"";130;0,00;120,00;1880,00;2120,00;
397;"Taxa Espaço Gourmet";411010017;31/01/2025;"VR.CRED.C/C RECEITA RESERVA ESPAÇO GOURMET";00113;"";124;0,00;300,00;250,00;550,00;
397;"Taxa Espaço Gourmet";411010017;30/05/2025;"VR.CRED.C/C RECEITA LOCAÇÃO CF.PLANILHA";00113;"";128;0,00;300,00;250,00;850,00;
397;"Taxa Espaço Gourmet";411010017;30/06/2025;"VR.CRED.C/C.REF.PAGTO. RESERVA ESPAÇO GOURMET";00113;"";129;0,00;300,00;250,00;1150,00;
600;"Receita Reembolso Mercado Livre";411010026;18/03/2025;"REEMBOLSO COMPRAS MERCADO LIVRE";00113;"";126;0,00;560,96;1028,10;1589,06;
600;"Receita Reembolso Mercado Livre";411010026;16/07/2025;"VR. CRED. C/C REEMBOLSO ALICATE MERCADO LIVRE";00113;"";130;0,00;65,99;1028,10;1655,05;
00267;"Receitas de Aplicacoes Financeiras";412010003;31/01/2025;"VR.CRED.C/C REND.APLICAÇAO FINANCEIRA CF EXTRATO";348;"";124;0,00;907,44;20795,69;21703,13;
00267;"Receitas de Aplicacoes Financeiras";412010003;28/02/2025;"VR.CRED.C/C REND.APLICAÇAO FINANCEIRA CF EXTRATO";348;"";125;0,00;847,79;20795,69;22550,92;
00267;"Receitas de Aplicacoes Financeiras";412010003;31/03/2025;"VR.CRED.C/C REND.APLICAÇAO FINANCEIRA CF EXTRATO";348;"";126;0,00;724,66;20795,69;23275,58;
00267;"Receitas de Aplicacoes Financeiras";412010003;30/04/2025;"VR.CRED.C/C REND.APLICAÇAO FINANCEIRA CF EXTRATO";348;"";127;0,00;733,92;20795,69;24009,50;
00267;"Receitas de Aplicacoes Financeiras";412010003;30/05/2025;"VR.CRED.C/C REND.APLICAÇAO FINANCEIRA CF EXTRATO";348;"";128;0,00;755,32;20795,69;24764,82;
00267;"Receitas de Aplicacoes Financeiras";412010003;30/06/2025;"VR.CRED.C/C REND.APLICAÇAO FINANCEIRA CF EXTRATO";348;"";129;0,00;728,51;20795,69;25493,33;
00267;"Receitas de Aplicacoes Financeiras";412010003;31/07/2025;"VR.CRED.C/C REND.APLICAÇAO FINANCEIRA CF EXTRATO";348;"";130;0,00;859,47;20795,69;26352,80;
264;"Multa e Juros";412010005;31/01/2025;"VR.CRED.C/C.REF.PAGTO. JUROS E MULTA";00113;"";124;0,00;97,53;3376,94;3474,47;
264;"Multa e Juros";412010005;28/02/2025;"VR.CRED.C/C.REF.PAGTO. JUROS E MULTA";00113;"";125;0,00;125,78;3376,94;3600,25;
264;"Multa e Juros";412010005;31/03/2025;"VR.CRED.C/C.REF.PAGTO. JUROS E MULTA";00113;"";126;0,00;86,89;3376,94;3687,14;
264;"Multa e Juros";412010005;30/04/2025;"VR.CRED.C/C.REF.PAGTO. JUROS E MULTA";00113;"";127;0,00;158,32;3376,94;3845,46;
264;"Multa e Juros";412010005;30/05/2025;"VR.CRED.C/C.REF.PAGTO. JUROS E MULTA";00113;"";128;0,00;103,80;3376,94;3949,26;
264;"Multa e Juros";412010005;30/06/2025;"VR.CRED.C/C.REF.PAGTO. JUROS E MULTA";00113;"";129;0,00;97,30;3376,94;4046,56;
264;"Multa e Juros";412010005;31/07/2025;"VR.CRED.C/C.REF.PAGTO. JUROS E MULTA";00113;"";130;0,00;115,13;3376,94;4161,69;
